GENSPECIES,PHYLUM,CLASS,ORDER,FAMILY,SUBFAMILY,TOLERANCE,FEEDINGHAB,NBI-P_TOLERANCE,NBI-N_TOLERANCE
Lanthus sp.,ARTHROPODA,INSECTA,ODONATA,Gomphidae,,5,PR,,
Ophiogomphus carolus,ARTHROPODA,INSECTA,ODONATA,Gomphidae,,3,PR,,
Ophiogomphus mainensis,ARTHROPODA,INSECTA,Odonata,Gomphidae,,6,PR,,
Cladotanytarsus daviesi,ARTHROPODA,INSECTA,DIPTERA,Chironomidae,Chironominae,5,CF,,
Cladotanytarsus nr. dispersopilosus,ARTHROPODA,INSECTA,DIPTERA,Chironomidae,Chironominae,5,CF,,
Cladotanytarsus nr. mancus,ARTHROPODA,INSECTA,DIPTERA,Chironomidae,Chironominae,5,CF,,
Cladotanytarsus sp. 2,ARTHROPODA,INSECTA,DIPTERA,Chironomidae,Chironominae,5,CF,,
Cladotanytarsus sp. 4,ARTHROPODA,INSECTA,DIPTERA,Chironomidae,Chironominae,5,CF,,
Cladotanytarsus sp.,ARTHROPODA,INSECTA,DIPTERA,Chironomidae,Chironominae,5,CF,6,4
Anthopotamus sp.,ARTHROPODA,INSECTA,EPHEMEROPTERA,Potamanthidae,,4,CG,4,5
Undetermined Potamanthidae,ARTHROPODA,INSECTA,EPHEMEROPTERA,Potamanthidae,,4,CG,,
Ephemera guttulata,ARTHROPODA,INSECTA,EPHEMEROPTERA,Ephemeridae,,2,CG,,
Ephemera sp.,ARTHROPODA,INSECTA,EPHEMEROPTERA,Ephemeridae,,2,CG,,
Hexagenia sp.,ARTHROPODA,INSECTA,EPHEMEROPTERA,Ephemeridae,,6,CG,,
Litobrancha recurvata,ARTHROPODA,INSECTA,EPHEMEROPTERA,Ephemeridae,,2,CG,,
Litobrancha sp.,ARTHROPODA,INSECTA,EPHEMEROPTERA,Ephemeridae,,2,CG,,
Undetermined Ephemeridae,ARTHROPODA,INSECTA,EPHEMEROPTERA,Ephemeridae,,2,CG,,
Ephoron leukon?,ARTHROPODA,INSECTA,EPHEMEROPTERA,Polymitarcyidae,,2,CG,1,1
Ephoron sp.,ARTHROPODA,INSECTA,EPHEMEROPTERA,Polymitarcyidae,,2,CG,,
Undetermined Polymitarcyidae,ARTHROPODA,INSECTA,EPHEMEROPTERA,Polymitarcyidae,,2,CG,,
Gomphus sp.,ARTHROPODA,INSECTA,ODONATA,Gomphidae,,5,PR,,
Hagenius sp.,ARTHROPODA,INSECTA,ODONATA,Gomphidae,,1,PR,,
Lanthus parvulus,ARTHROPODA,INSECTA,ODONATA,Gomphidae,,5,PR,,
Lanthus vernalis,ARTHROPODA,INSECTA,ODONATA,Gomphidae,,5,PR,,
Constempellina sp. 1,ARTHROPODA,INSECTA,DIPTERA,Chironomidae,Chironominae,4,CG,,
Constempellina sp. 2,ARTHROPODA,INSECTA,DIPTERA,Chironomidae,Chironominae,4,CG,,
Constempellina sp.,ARTHROPODA,INSECTA,DIPTERA,Chironomidae,Chironominae,4,CG,,
Micropsectra aristata gr.,ARTHROPODA,INSECTA,DIPTERA,Chironomidae,Chironominae,5,CF,,
Micropsectra deflecta,ARTHROPODA,INSECTA,DIPTERA,Chironomidae,Chironominae,4,CF,,
Micropsectra dives gr.,ARTHROPODA,INSECTA,DIPTERA,Chironomidae,Chironominae,4,CF,6,9
Micropsectra notescens gr.,ARTHROPODA,INSECTA,DIPTERA,Chironomidae,Chironominae,7,CF,,
Micropsectra polita,ARTHROPODA,INSECTA,DIPTERA,Chironomidae,Chironominae,7,CF,0,7
Micropsectra nr. sp. B,ARTHROPODA,INSECTA,DIPTERA,Chironomidae,Chironominae,4,CF,,
Micropsectra sp.,ARTHROPODA,INSECTA,DIPTERA,Chironomidae,Chironominae,7,CF,3,1
Neostempellina reissi,ARTHROPODA,INSECTA,DIPTERA,Chironomidae,Chironominae,2,CG,,
Neostempellina sp.,ARTHROPODA,INSECTA,DIPTERA,Chironomidae,Chironominae,2,CG,,
Bithynia sp.,MOLLUSCA,GASTROPODA,MESOGASTROPODA,Bithyniidae,,8,SC,,
Undetermined Bithyniidae,MOLLUSCA,GASTROPODA,MESOGASTROPODA,Bithyniidae,,8,SC,,
Amnicola decepta,MOLLUSCA,GASTROPODA,MESOGASTROPODA,Hydrobiidae,,5,SC,,
Amnicola grana,MOLLUSCA,GASTROPODA,MESOGASTROPODA,Hydrobiidae,,5,SC,,
Amnicola limosa,MOLLUSCA,GASTROPODA,MESOGASTROPODA,Hydrobiidae,,5,SC,,
Amnicola sp.,MOLLUSCA,GASTROPODA,MESOGASTROPODA,Hydrobiidae,,5,SC,,
Cincinnatia cincinnatiensis,MOLLUSCA,GASTROPODA,MESOGASTROPODA,Hydrobiidae,,5,SC,,
Cincinnatia sp.,MOLLUSCA,GASTROPODA,MESOGASTROPODA,Hydrobiidae,,5,SC,,
Pomatiopsis lapidaria,MOLLUSCA,GASTROPODA,MESOGASTROPODA,Hydrobiidae,,8,SC,,
Pomatiopsis sp.,MOLLUSCA,GASTROPODA,MESOGASTROPODA,Hydrobiidae,,8,SC,,
Probythinella lacustris,MOLLUSCA,GASTROPODA,MESOGASTROPODA,Hydrobiidae,,8,SC,,
Probythinella sp.,MOLLUSCA,GASTROPODA,MESOGASTROPODA,Hydrobiidae,,8,SC,,
Undetermined Hydrobiidae,MOLLUSCA,GASTROPODA,MESOGASTROPODA,Hydrobiidae,,8,SC,6,7
Valvata lewisi,MOLLUSCA,GASTROPODA,MESOGASTROPODA,Valvatidae,,8,SC,,
Valvata piscinalis,MOLLUSCA,GASTROPODA,MESOGASTROPODA,Valvatidae,,8,SC,,
Paratanytarsus confusus,ARTHROPODA,INSECTA,DIPTERA,Chironomidae,Chironominae,6,CF,5,8
Paratanytarsus dimorphis,ARTHROPODA,INSECTA,DIPTERA,Chironomidae,Chironominae,6,CF,,
Paratanytarsus sp.,ARTHROPODA,INSECTA,DIPTERA,Chironomidae,Chironominae,6,CF,,
Rheotanytarsus exiguus gr.,ARTHROPODA,INSECTA,DIPTERA,Chironomidae,Chironominae,6,CF,6,5
Rheotanytarsus pellucidus,ARTHROPODA,INSECTA,DIPTERA,Chironomidae,Chironominae,4,CF,3,2
Rheotanytarsus sp.,ARTHROPODA,INSECTA,DIPTERA,Chironomidae,Chironominae,6,CF,,
Stempellina nr. bausei,ARTHROPODA,INSECTA,DIPTERA,Chironomidae,Chironominae,2,CG,,
Stempellina johannseni,ARTHROPODA,INSECTA,DIPTERA,Chironomidae,Chironominae,2,CG,,
Stempellina nr. subglabripennis,ARTHROPODA,INSECTA,DIPTERA,Chironomidae,Chironominae,2,CG,,
Stempellina sp. 4,ARTHROPODA,INSECTA,DIPTERA,Chironomidae,Chironominae,2,CG,,
Stempellina sp. 5,ARTHROPODA,INSECTA,DIPTERA,Chironomidae,Chironominae,2,CG,,
Stempellina sp.,ARTHROPODA,INSECTA,DIPTERA,Chironomidae,Chironominae,2,CG,,
Stempellinella sp. 1,ARTHROPODA,INSECTA,DIPTERA,Chironomidae,Chironominae,4,CG,,
Stempellinella sp. 2,ARTHROPODA,INSECTA,DIPTERA,Chironomidae,Chironominae,4,CG,,
Stempellinella sp. 3,ARTHROPODA,INSECTA,DIPTERA,Chironomidae,Chironominae,4,CG,,
Stempellinella sp.,ARTHROPODA,INSECTA,DIPTERA,Chironomidae,Chironominae,4,CG,,
Sublettea coffmani,ARTHROPODA,INSECTA,DIPTERA,Chironomidae,Chironominae,4,CF,3,5
Sublettea sp.,ARTHROPODA,INSECTA,DIPTERA,Chironomidae,Chironominae,4,CF,,
Tanytarsus brundini,ARTHROPODA,INSECTA,DIPTERA,Chironomidae,Chironominae,6,CF,,
Tanytarsus curticornis gr.,ARTHROPODA,INSECTA,DIPTERA,Chironomidae,Chironominae,6,CF,,
Tanytarsus eminulus gr.,ARTHROPODA,INSECTA,DIPTERA,Chironomidae,Chironominae,6,CF,,
Tanytarsus glabrescens gr.,ARTHROPODA,INSECTA,DIPTERA,Chironomidae,Chironominae,6,CF,5,6
Tanytarsus guerlus gr.,ARTHROPODA,INSECTA,DIPTERA,Chironomidae,Chironominae,6,CF,5,5
Tanytarsus sp. O,ARTHROPODA,INSECTA,DIPTERA,Chironomidae,Chironominae,6,CF,,
Epeorus sp.,ARTHROPODA,INSECTA,EPHEMEROPTERA,Heptageniidae,,0,SC,,
Heptagenia culacantha,ARTHROPODA,INSECTA,EPHEMEROPTERA,Heptageniidae,,2,SC,,
Heptagenia flavescens,ARTHROPODA,INSECTA,EPHEMEROPTERA,Heptageniidae,,4,SC,,
Heptagenia marginalis,ARTHROPODA,INSECTA,EPHEMEROPTERA,Heptageniidae,,4,SC,,
Heptagenia pulla gr.,ARTHROPODA,INSECTA,EPHEMEROPTERA,Heptageniidae,,4,SC,,
Heptagenia sp.,ARTHROPODA,INSECTA,EPHEMEROPTERA,Heptageniidae,,4,SC,0,0
Leucrocuta sp.,ARTHROPODA,INSECTA,EPHEMEROPTERA,Heptageniidae,,1,SC,1,3
Nixe (Nixe) sp.,ARTHROPODA,INSECTA,EPHEMEROPTERA,Heptageniidae,,2,SC,1,5
Rhithrogena sp.,ARTHROPODA,INSECTA,EPHEMEROPTERA,Heptageniidae,,0,CG,0,1
Stenacron carolina,ARTHROPODA,INSECTA,EPHEMEROPTERA,Heptageniidae,,7,SC,,
Stenacron interpunctatum,ARTHROPODA,INSECTA,EPHEMEROPTERA,Heptageniidae,,7,SC,7,7
Stenacron sp.,ARTHROPODA,INSECTA,EPHEMEROPTERA,Heptageniidae,,7,SC,,
Maccaffertium exiguum,ARTHROPODA,INSECTA,EPHEMEROPTERA,Heptageniidae,,5,SC,,
Stenonema femoratum,ARTHROPODA,INSECTA,EPHEMEROPTERA,Heptageniidae,,7,SC,,
Maccaffertium ithaca,ARTHROPODA,INSECTA,EPHEMEROPTERA,Heptageniidae,,3,SC,,
Eukiefferiella brevicalcar gr.,ARTHROPODA,INSECTA,DIPTERA,Chironomidae,Orthocladiinae,4,CG,,
Eukiefferiella claripennis gr.,ARTHROPODA,INSECTA,DIPTERA,Chironomidae,Orthocladiinae,8,CG,,
Eukiefferiella coerulescens gr.,ARTHROPODA,INSECTA,DIPTERA,Chironomidae,Orthocladiinae,4,CG,,
Eukiefferiella devonica gr.,ARTHROPODA,INSECTA,DIPTERA,Chironomidae,Orthocladiinae,4,CG,9,9
Eukiefferiella gracei gr.,ARTHROPODA,INSECTA,DIPTERA,Chironomidae,Orthocladiinae,4,CG,,
Cipangopaludina sp.,MOLLUSCA,GASTROPODA,MESOGASTROPODA,Viviparidae,,9,CG,,
Viviparus sp.,MOLLUSCA,GASTROPODA,MESOGASTROPODA,Viviparidae,,6,SC,,
Lepidostoma sp.,ARTHROPODA,INSECTA,TRICHOPTERA,Lepidostomatidae,,1,SH,2,0
Undetermined Lepidostomatidae,ARTHROPODA,INSECTA,TRICHOPTERA,Lepidostomatidae,,1,SH,,
Psilotreta labida,ARTHROPODA,INSECTA,TRICHOPTERA,Odontoceridae,,0,SC,,
Psilotreta sp.,ARTHROPODA,INSECTA,TRICHOPTERA,Odontoceridae,,0,SC,,
Undetermined Odontoceridae,ARTHROPODA,INSECTA,TRICHOPTERA,Odontoceridae,,0,SC,,
Molanna sp.,ARTHROPODA,INSECTA,TRICHOPTERA,Molannidae,,6,SC,,
Undetermined Molannidae,ARTHROPODA,INSECTA,TRICHOPTERA,Molannidae,,6,SC,,
Helicopsyche borealis,ARTHROPODA,INSECTA,TRICHOPTERA,Helicopsychidae,,3,SC,1,2
Helicopsyche sp.,ARTHROPODA,INSECTA,TRICHOPTERA,Helicopsychidae,,3,SC,,
Undetermined Helicopsychidae,ARTHROPODA,INSECTA,TRICHOPTERA,Helicopsychidae,,3,SC,,
Ceraclea alces,ARTHROPODA,INSECTA,TRICHOPTERA,Leptoceridae,,3,CG,,
Ceraclea punctata,ARTHROPODA,INSECTA,TRICHOPTERA,Leptoceridae,,3,CG,,
Ceraclea sp.,ARTHROPODA,INSECTA,TRICHOPTERA,Leptoceridae,,3,CG,,
Leptocerus americanus,ARTHROPODA,INSECTA,TRICHOPTERA,Leptoceridae,,4,SH,,
Leptocerus sp.,ARTHROPODA,INSECTA,TRICHOPTERA,Leptoceridae,,4,SH,,
Mystacides alafimbriata,ARTHROPODA,INSECTA,TRICHOPTERA,Leptoceridae,,4,CG,,
Mystacides sepulchralis,ARTHROPODA,INSECTA,TRICHOPTERA,Leptoceridae,,4,CG,,
Mystacides sp.,ARTHROPODA,INSECTA,TRICHOPTERA,Leptoceridae,,4,CG,,
Nectopsyche sp.,ARTHROPODA,INSECTA,TRICHOPTERA,Leptoceridae,,3,SH,,
Oecetis avara,ARTHROPODA,INSECTA,TRICHOPTERA,Leptoceridae,,5,PR,,
Oecetis cinerascens,ARTHROPODA,INSECTA,TRICHOPTERA,Leptoceridae,,5,PR,,
Oecetis inconspicua,ARTHROPODA,INSECTA,TRICHOPTERA,Leptoceridae,,5,PR,,
Oecetis sp.,ARTHROPODA,INSECTA,TRICHOPTERA,Leptoceridae,,5,PR,,
Setodes sp.,ARTHROPODA,INSECTA,TRICHOPTERA,Leptoceridae,,2,CG,,
Triaenodes sp.,ARTHROPODA,INSECTA,TRICHOPTERA,Leptoceridae,,6,SH,,
Undetermined Leptoceridae,ARTHROPODA,INSECTA,TRICHOPTERA,Leptoceridae,,4,PR,,
Undetermined Trichoptera,ARTHROPODA,INSECTA,TRICHOPTERA,,,3,,,
Estigmene sp.,ARTHROPODA,INSECTA,LEPIDOPTERA,Arctiidae,,5,SH,,
Undetermined Arctiidae,ARTHROPODA,INSECTA,LEPIDOPTERA,Arctiidae,,5,SH,,
Undetermined Nepticulidae,ARTHROPODA,INSECTA,LEPIDOPTERA,Nepticulidae,,5,SH,,
Acentria sp.,ARTHROPODA,INSECTA,LEPIDOPTERA,Pyralidae,,5,SH,,
Nymphula sp.,ARTHROPODA,INSECTA,LEPIDOPTERA,Pyralidae,,7,SH,,
Parapoynx sp.,ARTHROPODA,INSECTA,LEPIDOPTERA,Pyralidae,,5,SH,,
Petrophila sp.,ARTHROPODA,INSECTA,LEPIDOPTERA,Pyralidae,,5,SC,5,3
Undetermined Pyralidae,ARTHROPODA,INSECTA,LEPIDOPTERA,Pyralidae,,5,SC,,
Undetermined Lepidoptera,ARTHROPODA,INSECTA,LEPIDOPTERA,,,5,SH,,
Protoplasa sp.,ARTHROPODA,INSECTA,DIPTERA,Tanyderidae,,3,CG,,
Undetermined Tanyderidae,ARTHROPODA,INSECTA,DIPTERA,Tanyderidae,,3,CG,,
Antocha sp. 1,ARTHROPODA,INSECTA,DIPTERA,Tipulidae,,3,CG,,
Antocha sp. 2,ARTHROPODA,INSECTA,DIPTERA,Tipulidae,,3,CG,,
Antocha sp.,ARTHROPODA,INSECTA,DIPTERA,Tipulidae,,3,CG,8,6
Dicranota sp.,ARTHROPODA,INSECTA,DIPTERA,Tipulidae,,3,PR,5,10
Helius sp.,ARTHROPODA,INSECTA,DIPTERA,Tipulidae,,4,CG,,
Hexatoma sp. 1,ARTHROPODA,INSECTA,DIPTERA,Tipulidae,,2,PR,,
Hexatoma sp. 2,ARTHROPODA,INSECTA,DIPTERA,Tipulidae,,2,PR,,
Hexatoma sp.,ARTHROPODA,INSECTA,DIPTERA,Tipulidae,,2,PR,0,1
Hesperoconopa sp.,ARTHROPODA,INSECTA,DIPTERA,Tipulidae,,2,CG,,
Limnophila sp.,ARTHROPODA,INSECTA,DIPTERA,Tipulidae,,3,PR,,
Limonia sp.,ARTHROPODA,INSECTA,DIPTERA,Tipulidae,,6,SH,,
Ormosia sp.,ARTHROPODA,INSECTA,DIPTERA,Tipulidae,,4,CG,,
Pedicia sp.,ARTHROPODA,INSECTA,DIPTERA,Tipulidae,,4,PR,,
Pilaria sp.,ARTHROPODA,INSECTA,DIPTERA,Tipulidae,,7,PR,,
Pseudolimnophila sp.,ARTHROPODA,INSECTA,DIPTERA,Tipulidae,,2,PR,,
Tipula sp.,ARTHROPODA,INSECTA,DIPTERA,Tipulidae,,6,SH,10,10
Ulomorpha sp.,ARTHROPODA,INSECTA,DIPTERA,Tipulidae,,4,PR,,
Undetermined Tipulidae,ARTHROPODA,INSECTA,DIPTERA,Tipulidae,,4,SH,,
Pericoma sp.,ARTHROPODA,INSECTA,DIPTERA,Psychodidae,,4,CG,,
Psychoda sp.,ARTHROPODA,INSECTA,DIPTERA,Psychodidae,,10,CG,,
Undetermined Psychodidae,ARTHROPODA,INSECTA,DIPTERA,Psychodidae,,10,CG,,
Bittacomorpha sp.,ARTHROPODA,INSECTA,DIPTERA,Ptychopteridae,,9,CG,,
Ptychoptera sp.,ARTHROPODA,INSECTA,DIPTERA,Ptychopteridae,,9,CG,,
Undetermined Ptychopteridae,ARTHROPODA,INSECTA,DIPTERA,Ptychopteridae,,9,CG,,
Undetermined Blephariceridae,ARTHROPODA,INSECTA,DIPTERA,Blephariceridae,,0,SC,,
Dixa sp.,ARTHROPODA,INSECTA,DIPTERA,Dixidae,,1,CF,,
Undetermined Dixidae,ARTHROPODA,INSECTA,DIPTERA,Dixidae,,1,CF,,
Chaoborus sp.,ARTHROPODA,INSECTA,DIPTERA,Chaoboridae,,8,PR,,
Undetermined Chaoboridae,ARTHROPODA,INSECTA,DIPTERA,Chaoboridae,,8,PR,,
Anopheles sp.,ARTHROPODA,INSECTA,DIPTERA,Culicidae,,8,CF,,
Undetermined Culicidae,ARTHROPODA,INSECTA,DIPTERA,Culicidae,,8,CF,,
Atrichopogon sp.,ARTHROPODA,INSECTA,DIPTERA,Ceratopogonidae,,6,PR,,
Bezzia sp. 1,ARTHROPODA,INSECTA,DIPTERA,Ceratopogonidae,,6,PR,,
Bezzia sp. 2,ARTHROPODA,INSECTA,DIPTERA,Ceratopogonidae,,6,PR,,
Bezzia sp.,ARTHROPODA,INSECTA,DIPTERA,Ceratopogonidae,,6,PR,,
Culicoides? sp.,ARTHROPODA,INSECTA,DIPTERA,Ceratopogonidae,,10,PR,,
Forcipomyia sp.,ARTHROPODA,INSECTA,DIPTERA,Ceratopogonidae,,6,SC,,
Probezzia sp. 1,ARTHROPODA,INSECTA,DIPTERA,Ceratopogonidae,,6,PR,,
Probezzia sp. 2,ARTHROPODA,INSECTA,DIPTERA,Ceratopogonidae,,6,PR,,
Probezzia sp.,ARTHROPODA,INSECTA,DIPTERA,Ceratopogonidae,,6,PR,,
Sphaeromais sp.,ARTHROPODA,INSECTA,DIPTERA,Ceratopogonidae,,6,PR,,
Undetermined Ceratopogonidae,ARTHROPODA,INSECTA,DIPTERA,Ceratopogonidae,,6,PR,8,9
Cnephia mutata,ARTHROPODA,INSECTA,DIPTERA,Simuliidae,,2,CF,,
Cnephia sp.,ARTHROPODA,INSECTA,DIPTERA,Simuliidae,,2,CF,,
Fossaria sp.,MOLLUSCA,GASTROPODA,BASOMMATOPHORA,Lymnaeidae,,6,CG,,
Lymnaea stagnalis,MOLLUSCA,GASTROPODA,BASOMMATOPHORA,Lymnaeidae,,6,CG,,
Lymnaea sp.,MOLLUSCA,GASTROPODA,BASOMMATOPHORA,Lymnaeidae,,6,CG,,
Pseudosuccinea columella,MOLLUSCA,GASTROPODA,BASOMMATOPHORA,Lymnaeidae,,6,CG,,
Pseudosuccinea sp.,MOLLUSCA,GASTROPODA,BASOMMATOPHORA,Lymnaeidae,,6,CG,,
Radix auricularia,MOLLUSCA,GASTROPODA,BASOMMATOPHORA,Lymnaeidae,,6,CG,,
Radix sp.,MOLLUSCA,GASTROPODA,BASOMMATOPHORA,Lymnaeidae,,6,CG,,
Stagnicola catascopium,MOLLUSCA,GASTROPODA,BASOMMATOPHORA,Lymnaeidae,,6,CG,,
Stagnicola elodes,MOLLUSCA,GASTROPODA,BASOMMATOPHORA,Lymnaeidae,,6,CG,,
Stagnicola sp.,MOLLUSCA,GASTROPODA,BASOMMATOPHORA,Lymnaeidae,,6,CG,,
Undetermined Lymnaeidae,MOLLUSCA,GASTROPODA,BASOMMATOPHORA,Lymnaeidae,,6,CG,,
Gyraulus circumstriatus,MOLLUSCA,GASTROPODA,BASOMMATOPHORA,Planorbidae,,8,SC,,
Gyraulus deflectus,MOLLUSCA,GASTROPODA,BASOMMATOPHORA,Planorbidae,,8,SC,,
Gyraulus parvus,MOLLUSCA,GASTROPODA,BASOMMATOPHORA,Planorbidae,,8,SC,,
Gyraulus sp.,MOLLUSCA,GASTROPODA,BASOMMATOPHORA,Planorbidae,,8,SC,,
Prosimulium arvum,ARTHROPODA,INSECTA,DIPTERA,Simuliidae,,2,CF,,
Prosimulium clandestinum,ARTHROPODA,INSECTA,DIPTERA,Simuliidae,,2,CF,,
Prosimulium fuscum,ARTHROPODA,INSECTA,DIPTERA,Simuliidae,,2,CF,,
Prosimulium magnum,ARTHROPODA,INSECTA,DIPTERA,Simuliidae,,1,CF,,
Prosimulium rhizophorum,ARTHROPODA,INSECTA,DIPTERA,Simuliidae,,2,CF,,
Prosimulium sp.,ARTHROPODA,INSECTA,DIPTERA,Simuliidae,,2,CF,,
Simulium aureum,ARTHROPODA,INSECTA,DIPTERA,Simuliidae,,7,CF,,
Simulium decorum,ARTHROPODA,INSECTA,DIPTERA,Simuliidae,,7,CF,,
Simulium fibrinflatum,ARTHROPODA,INSECTA,DIPTERA,Simuliidae,,6,CF,,
Simulium gouldingi,ARTHROPODA,INSECTA,DIPTERA,Simuliidae,,3,CF,,
Simulium jenningsi,ARTHROPODA,INSECTA,DIPTERA,Simuliidae,,4,CF,6,2
Simulium latipes,ARTHROPODA,INSECTA,DIPTERA,Simuliidae,,4,CF,,
Simulium parnassum,ARTHROPODA,INSECTA,DIPTERA,Simuliidae,,7,CF,,
Simulium pictipes,ARTHROPODA,INSECTA,DIPTERA,Simuliidae,,4,CF,,
Simulium rugglesi,ARTHROPODA,INSECTA,DIPTERA,Simuliidae,,5,CF,,
Simulium tuberosum,ARTHROPODA,INSECTA,DIPTERA,Simuliidae,,4,CF,1,0
Simulium venustum,ARTHROPODA,INSECTA,DIPTERA,Simuliidae,,5,CF,,
Simulium vittatum,ARTHROPODA,INSECTA,DIPTERA,Simuliidae,,7,CF,7,10
Simulium sp.,ARTHROPODA,INSECTA,DIPTERA,Simuliidae,,5,CF,7,6
Stegopterna sp.,ARTHROPODA,INSECTA,DIPTERA,Simuliidae,,1,CF,,
Undetermined Simuliidae,ARTHROPODA,INSECTA,DIPTERA,Simuliidae,,5,CF,,
Protoplasa fitchii,ARTHROPODA,INSECTA,DIPTERA,Tanyderidae,,3,CG,,
Chrysops sp.,ARTHROPODA,INSECTA,DIPTERA,Tabanidae,,5,CG,,
Hybomitra sp.,ARTHROPODA,INSECTA,DIPTERA,Tabanidae,,5,PR,,
Tabanus sp.,ARTHROPODA,INSECTA,DIPTERA,Tabanidae,,5,PR,,
Undetermined Tabanidae,ARTHROPODA,INSECTA,DIPTERA,Tabanidae,,5,PR,,
Atherix sp.,ARTHROPODA,INSECTA,DIPTERA,Athericidae,,4,PR,8,5
Undetermined Athericidae,ARTHROPODA,INSECTA,DIPTERA,Athericidae,,4,PR,,
Euparyphus sp.,ARTHROPODA,INSECTA,DIPTERA,Stratiomyidae,,7,CG,,
Nemotelus sp.,ARTHROPODA,INSECTA,DIPTERA,Stratiomyidae,,7,CG,,
Stratiomys sp.,ARTHROPODA,INSECTA,DIPTERA,Stratiomyidae,,7,CG,,
Undetermined Stratiomyidae,ARTHROPODA,INSECTA,DIPTERA,Stratiomyidae,,7,CG,,
Chelifera sp.,ARTHROPODA,INSECTA,DIPTERA,Empididae,,6,PR,,
Clinocera sp.,ARTHROPODA,INSECTA,DIPTERA,Empididae,,6,PR,,
Hemerodromia sp.,ARTHROPODA,INSECTA,DIPTERA,Empididae,,6,PR,5,6
Neoplasta sp.,ARTHROPODA,INSECTA,DIPTERA,Empididae,,6,PR,,
Oreogeton sp.,ARTHROPODA,INSECTA,DIPTERA,Empididae,,6,PR,,
Wiedemannia sp.,ARTHROPODA,INSECTA,DIPTERA,Empididae,,6,PR,,
Undetermined Empididae,ARTHROPODA,INSECTA,DIPTERA,Empididae,,6,PR,,
Undetermined Dolichopodidae,ARTHROPODA,INSECTA,DIPTERA,Dolichopodidae,,4,PR,,
Eristalis sp.,ARTHROPODA,INSECTA,DIPTERA,Syrphidae,,10,CG,,
Undetermined Syrphidae,ARTHROPODA,INSECTA,DIPTERA,Syrphidae,,10,CG,,
Dimecoenia spinosa,ARTHROPODA,INSECTA,DIPTERA,Ephydridae,,6,SH,,
Ephydra sp.,ARTHROPODA,INSECTA,DIPTERA,Ephydridae,,8,SH,,
Hydrellia sp.,ARTHROPODA,INSECTA,DIPTERA,Ephydridae,,6,SH,,
Undetermined Ephydridae,ARTHROPODA,INSECTA,DIPTERA,Ephydridae,,7,SH,,
Undetermined Muscidae,ARTHROPODA,INSECTA,DIPTERA,Muscidae,,6,PR,,
Undetermined Anthomyiidae,ARTHROPODA,INSECTA,DIPTERA,Anthomyiidae,,6,PR,,
Undetermined Scathophagidae,ARTHROPODA,INSECTA,DIPTERA,Scathophagidae,,6,SH,,
Nymphomyia sp.,ARTHROPODA,INSECTA,DIPTERA,Nymphomyiidae,,5,CG,,
Undetermined Diptera,ARTHROPODA,INSECTA,DIPTERA,,,6,,,
Ablabesmyia annulata,ARTHROPODA,INSECTA,DIPTERA,Chironomidae,Tanypodinae,8,PR,,
Ablabesmyia idei,ARTHROPODA,INSECTA,DIPTERA,Chironomidae,Tanypodinae,8,PR,,
Ablabesmyia illinoensis,Arthropoda,INSECTA,Diptera,Chironomidae,Tanypodinae,8,PR,,
Ablabesmyia janta,ARTHROPODA,INSECTA,DIPTERA,Chironomidae,Tanypodinae,8,PR,,
Ablabesmyia mallochi,ARTHROPODA,INSECTA,DIPTERA,Chironomidae,Tanypodinae,8,PR,,
Ablabesmyia monilis,ARTHROPODA,INSECTA,DIPTERA,Chironomidae,Tanypodinae,8,PR,,
Ablabesmyia peleensis,ARTHROPODA,INSECTA,DIPTERA,Chironomidae,Tanypodinae,8,PR,,
Ablabesmyia philosphagnos,ARTHROPODA,INSECTA,DIPTERA,Chironomidae,Tanypodinae,8,PR,,
Ablabesmyia rhamphe,ARTHROPODA,INSECTA,DIPTERA,Chironomidae,Tanypodinae,8,PR,,
Ablabesmyia simpsoni,ARTHROPODA,INSECTA,DIPTERA,Chironomidae,Tanypodinae,8,PR,,
Ablabesmyia sp.,ARTHROPODA,INSECTA,DIPTERA,Chironomidae,Tanypodinae,8,PR,,
Alotanypus aris,ARTHROPODA,INSECTA,DIPTERA,Chironomidae,Tanypodinae,9,PR,,
Alotanypus sp.,ARTHROPODA,INSECTA,DIPTERA,Chironomidae,Tanypodinae,9,PR,,
Apsectrotanypus johnsoni,ARTHROPODA,INSECTA,DIPTERA,Chironomidae,Tanypodinae,7,PR,,
Brundiniella sp.,ARTHROPODA,INSECTA,DIPTERA,Chironomidae,Tanypodinae,6,PR,,
Clinotanypus pinguis,ARTHROPODA,INSECTA,DIPTERA,Chironomidae,Tanypodinae,8,PR,,
Clinotanypus sp.,ARTHROPODA,INSECTA,DIPTERA,Chironomidae,Tanypodinae,8,PR,,
Coelotanypus scapularis,ARTHROPODA,INSECTA,DIPTERA,Chironomidae,Tanypodinae,4,PR,,
Coelotanypus sp.,ARTHROPODA,INSECTA,DIPTERA,Chironomidae,Tanypodinae,4,PR,,
Conchapelopia aleta,ARTHROPODA,INSECTA,DIPTERA,Chironomidae,Tanypodinae,6,PR,,
Conchapelopia americana,ANTHROPODA,INSECTA,DIPTERA,Chironomidae,Tanypodinae,6,PR,,
Conchapelopia dusena,ARTHROPODA,INSECTA,DIPTERA,Chironomidae,Tanypodinae,6,PR,,
Conchapelopia goniodes,ARTHROPODA,INSECTA,DIPTERA,Chironomidae,Tanypodinae,6,PR,,
Conchapelopia rurika,ARTHROPODA,INSECTA,DIPTERA,Chironomidae,Tanypodinae,6,PR,,
Conchapelopia telema,ARTHROPODA,INSECTA,DIPTERA,Chironomidae,Tanypodinae,6,PR,,
Conchapelopia sp.,ARTHROPODA,INSECTA,DIPTERA,Chironomidae,Tanypodinae,6,PR,,
Guttipelopia guttipennis,ARTHROPODA,INSECTA,DIPTERA,Chironomidae,Tanypodinae,5,PR,,
Guttipelopia sp.,ARTHROPODA,INSECTA,DIPTERA,Chronomidae,Tanypodinae,5,PR,,
Hayesomyia senata,ARTHROPODA,INSECTA,DIPTERA,Chironomidae,Tanypodinae,6,PR,,
Hayesomyia sp.,ARTHROPODA,INSECTA,DIPTERA,Chrionomidae,Tanypodinae,6,PR,,
Helopelopia cornuticaudata,ARTHROPODA,INSECTA,DIPTERA,Chironomidae,Tanypodinae,6,PR,,
Helopelopia sp.,ARTHROPODA,INSECTA,DIPTERA,Chironomidae,Tanypodinae,6,PR,,
Hudsonimyia karelena,ARTHROPODA,INSECTA,DIPTERA,Chironomidae,Tanypodinae,2,PR,,
Hudsonimyia parrishi,ARTHROPODA,INSECTA,DIPTERA,Chironomidae,Tanypodinae,2,PR,,
Hudsonimyia sp.,ARTHROPODA,INSECTA,DIPTERA,Chironomidae,Tanypodinae,2,PR,,
Krenopelopia sp.,ARTHROPODA,INSECTA,DIPTERA,Chironomidae,Tanypodinae,4,PR,,
Labrundinia pilosella,ARTHROPODA,INSECTA,DIPTERA,Chironomidae,Tanypodinae,7,PR,,
Labrundinia nr. virescens,ARTHROPODA,INSECTA,DIPTERA,Chironomidae,Tanypodinae,7,PR,,
Labrundinia sp.,ARTHROPODA,INSECTA,DIPTERA,Chironomidae,Tanypodinae,7,PR,,
Larsia canadensis,ARTHROPODA,INSECTA,DIPTERA,Chironomidae,Tanypodinae,6,PR,,
Larsia sp.,ARTHROPODA,INSECTA,DIPTERA,Chironomidae,Tanypodinae,6,PR,,
Macropelopia decedens,ARTHROPODA,INSECTA,DIPTERA,Chironomidae,Tanypodinae,9,PR,,
Macropelopia sp.,ARTHROPODA,INSECTA,DIPTERA,Chrionomidae,Tanypodinae,9,PR,,
Meropelopia americana,ARTHROPODA,INSECTA,DIPTERA,Chironomidae,Tanypodinae,6,PR,,
Meropelopia flavifrons,ARTHROPODA,INSECTA,DIPTERA,Chironomidae,Tanypodinae,6,PR,,
Meropelopia sp.,ARTHROPODA,INSECTA,DIPTERA,Chironomidae,Tanypodinae,6,PR,,
Natarsia baltimorea,ARTHROPODA,INSECTA,DIPTERA,Chironomidae,Tanypodinae,8,PR,,
Natarsia sp. A,ARTHROPODA,INSECTA,DIPTERA,Chironomidae,Tanypodinae,8,PR,,
Natarsia sp.,ARTHROPODA,INSECTA,DIPTERA,Chironomidae,Tanypodinae,8,PR,,
Nilotanypus fimbriatus,ARTHROPODA,INSECTA,DIPTERA,Chironomidae,Tanypodinae,8,PR,,
Nilotanypus sp.,ARTHROPODA,INSECTA,DIPTERA,Chironomidae,Tanypodinae,6,PR,,
Helisoma anceps,MOLLUSCA,GASTROPODA,BASOMMATOPHORA,Planorbidae,,6,SC,,
Helisoma campanulata,MOLLUSCA,GASTROPODA,BASOMMATOPHORA,Planorbidae,,6,SC,,
Helisoma trivolvis,MOLLUSCA,GASTROPODA,BASOMMATOPHORA,Planorbidae,,6,SC,,
Helisoma sp.,MOLLUSCA,GASTROPODA,BASOMMATOPHORA,Planorbidae,,6,SC,,
Micromenetus dilatatus,MOLLUSCA,GASTROPODA,BASOMMATOPHORA,Planorbidae,,6,SC,,
Micromenetus sp.,MOLLUSCA,GASTROPODA,BASOMMATOPHORA,Planorbidae,,6,SC,,
Undetermined Planorbidae,MOLLUSCA,GASTROPODA,BASOMMATOPHORA,Planorbidae,,6,SC,,
Ferrissia parallela,MOLLUSCA,GASTROPODA,BASOMMATOPHORA,Ancylidae,,6,SC,,
Ferrissia rivularis,MOLLUSCA,GASTROPODA,BASOMMATOPHORA,Ancylidae,,6,SC,,
Ferrissia walkeri,MOLLUSCA,GASTROPODA,BASOMMATOPHORA,Ancylidae,,6,SC,,
Ferrissia sp.,MOLLUSCA,GASTROPODA,BASOMMATOPHORA,Ancylidae,,6,SC,9,5
Undetermined Ancylidae,MOLLUSCA,GASTROPODA,BASOMMATOPHORA,Ancylidae,,6,SC,,
Campeloma decisum,MOLLUSCA,GASTROPODA,MESOGASTROPODA,Viviparidae,,6,SC,,
Campeloma sp.,MOLLUSCA,GASTROPODA,MESOGASTROPODA,Viviparidae,,6,SC,,
Viviparus georgianus,MOLLUSCA,GASTROPODA,MESOGASTROPODA,Viviparidae,,6,SC,,
Paramerina sp.,ARTHROPODA,INSECTA,DIPTERA,Chironomidae,Tanypodinae,6,PR,,
Pentaneura inconspicua,ARTHROPODA,INSECTA,DIPTERA,Chironomidae,Tanypodinae,6,PR,,
Pentaneura sp.,ARTHROPODA,INSECTA,DIPTERA,Chironomidae,Tanypodinae,6,PR,0,1
Procladius bellus,ARTHROPODA,INSECTA,DIPTERA,Chironomidae,Tanypodinae,9,PR,,
Procladius sublettei,ARTHROPODA,INSECTA,DIPTERA,Chironomidae,Tanypodinae,9,PR,,
Procladius (Holotanypus) sp.,ARTHROPODA,INSECTA,DIPTERA,Chironomidae,Tanypodinae,7,PR,,
Procladius sp.,ARTHROPODA,INSECTA,DIPTERA,Chironomidae,Tanypodinae,9,PR,,
Psectrotanypus dyari,ARTHROPODA,INSECTA,DIPTERA,Chironomidae,Tanypodinae,10,PR,,
Psectrotanypus sp.,ARTHROPODA,INSECTA,DIPTERA,Chironomidae,Tanypodinae,10,PR,,
Rheopelopia acra gr.,ARTHROPODA,INSECTA,DIPTERA,Chironomidae,Tanypodinae,4,PR,,
Rheopelopia sp. 2,ARTHROPODA,INSECTA,DIPTERA,Chironomidae,Tanypodinae,4,PR,,
Rheopelopia sp. 3,ARTHROPODA,INSECTA,DIPTERA,Chironomidae,Tanypodinae,4,PR,,
Rheopelopia sp.,ARTHROPODA,INSECTA,DIPTERA,Chironomidae,Tanypodinae,4,PR,,
Tanypus neopunctipennis,ARTHROPODA,INSECTA,DIPTERA,Chironomidae,Tanypodinae,10,PR,,
Tanypus punctipennis,ARTHROPODA,INSECTA,DIPTERA,Chironomidae,Tanypodinae,10,PR,,
Tanypus stellatus,ARTHROPODA,INSECTA,DIPTERA,Chironomidae,Tanypodinae,10,PR,,
Tanypus sp.,ARTHROPODA,INSECTA,DIPTERA,Chironomidae,Tanypodinae,10,PR,,
Telopelopia okoboji,ARTHROPODA,INSECTA,DIPTERA,Chironomidae,Tanypodinae,8,PR,,
Telopelopia sp.,ARTHROPODA,INSECTA,DIPTERA,Chironomidae,Tanypodinae,8,PR,,
Thienemannimyia gr. spp.,ARTHROPODA,INSECTA,DIPTERA,Chironomidae,Tanypodinae,6,PR,8,8
Thienemannimyia norena,ARTHROPODA,INSECTA,DIPTERA,Chironomidae,Tanypodinae,6,PR,,
Thienemannimyia sp.,ARTHROPODA,INSECTA,DIPTERA,Chironomidae,Tanypodinae,6,PR,,
Trissopelopia ogemawi,ARTHROPODA,INSECTA,DIPTERA,Chironomidae,Tanypodinae,4,PR,,
Trissopelopia sp.,ARTHROPODA,INSECTA,DIPTERA,Chironomidae,Tanypodinae,4,PR,,
Zavrelimyia sinuosa,ARTHROPODA,INSECTA,DIPTERA,Chironomidae,Tanypodinae,8,PR,,
Zavrelimyia sp.,ARTHROPODA,INSECTA,DIPTERA,Chironomidae,Tanypodinae,8,PR,,
Undetermined Tanypodinae,ARTHROPODA,INSECTA,DIPTERA,Chironomidae,Tanypodinae,7,PR,,
Paraboreochlus sp.,ARTHROPODA,INSECTA,DIPTERA,Chironomidae,Podonominae,1,CG,,
Diamesa sp.,ARTHROPODA,INSECTA,DIPTERA,Chironomidae,Diamesinae,5,CG,10,10
Pagastia orthogonia,ARTHROPODA,INSECTA,DIPTERA,Chironomidae,Diamesinae,1,CG,4,8
Potthastia gaedii gr.,ARTHROPODA,INSECTA,DIPTERA,Chironomidae,Diamesinae,2,CG,9,10
Potthastia longimana gr.,ARTHROPODA,INSECTA,DIPTERA,Chironomidae,Diamesinae,2,CG,,
Potthastia sp.,ARTHROPODA,INSECTA,DIPTERA,Chironomidae,Diamesinae,2,CG,,
Pseudokiefferiella sp.,ARTHROPODA,INSECTA,DIPTERA,Chironomidae,Diamesinae,1,CG,,
Sympotthastia sp.,ARTHROPODA,INSECTA,DIPTERA,Chironomidae,Diamesinae,2,CG,,
Undetermined Diamesinae,ARTHROPODA,INSECTA,DIPTERA,Chironomidae,Diamesinae,2,CG,,
Monodiamesa sp.,ARTHROPODA,INSECTA,DIPTERA,Chironomidae,Prodiamesinae,7,CG,,
Odontomesa fulva,ARTHROPODA,INSECTA,DIPTERA,Chironomidae,Prodiamesinae,5,CG,,
Odontomesa sp.,ARTHROPODA,INSECTA,DIPTERA,Chironomidae,Prodiamesinae,5,CG,,
Prodiamesa olivacea,ARTHROPODA,INSECTA,DIPTERA,Chironomidae,Prodiamesinae,8,CG,,
Prodiamesa sp. 2,ARTHROPODA,INSECTA,DIPTERA,Chironomidae,Prodiamesinae,8,CG,,
Prodiamesa sp.,ARTHROPODA,INSECTA,DIPTERA,Chironomidae,Prodiamesinae,8,CG,,
Undetermined Prodiamesinae,ARTHROPODA,INSECTA,DIPTERA,Chironomidae,Prodiamesinae,8,CG,,
Acricotopus nitidellus,ARTHROPODA,INSECTA,DIPTERA,Chironomidae,Orthocladiinae,10,CG,,
Acricotopus sp.,ARTHROPODA,INSECTA,DIPTERA,Chironomidae,Orthocladiinae,10,CG,,
Brillia flavifrons,ARTHROPODA,INSECTA,DIPTERA,Chironomidae,Orthocladiinae,5,SH,,
Brillia parva,ARTHROPODA,INSECTA,DIPTERA,Chironomidae,Orthocladiinae,5,SH,,
Brillia sera,ARTHROPODA,INSECTA,DIPTERA,Chironomidae,Orthocladiinae,5,SH,,
Brillia sp.,ARTHROPODA,INSECTA,DIPTERA,Chironomidae,Orthocladiinae,5,SH,,
Camptocladius sp.,ARTHROPODA,INSECTA,DIPTERA,Chironomidae,Orthocladiinae,8,CG,,
Cardiocladius albiplumus,ARTHROPODA,INSECTA,DIPTERA,Chironomidae,Orthocladiinae,5,PR,,
Cardiocladius obscurus,ARTHROPODA,INSECTA,DIPTERA,Chironomidae,Orthocladiinae,5,PR,8,6
Cardiocladius sp.,ARTHROPODA,INSECTA,DIPTERA,Chironomidae,Orthocladiinae,5,PR,,
Chaetocladius vitellinus gr.,ARTHROPODA,INSECTA,DIPTERA,Chironomidae,Orthocladiinae,6,CG,,
Chaetocladius sp.,ARTHROPODA,INSECTA,DIPTERA,Chironomidae,Orthocladiinae,6,CG,,
Corynoneura nr. celeripes,ARTHROPODA,INSECTA,DIPTERA,Chironomidae,Orthocladiinae,4,CG,,
Corynoneura lobata,ARTHROPODA,INSECTA,DIPTERA,Chironomidae,Orthocladiinae,4,CG,,
Corynoneura sp.,ARTHROPODA,INSECTA,DIPTERA,Chironomidae,Orthocladiinae,4,CG,,
Cricotopus absurdus,ARTHROPODA,INSECTA,DIPTERA,Chironomidae,Orthocladiinae,5,SH,,
Cricotopus annulator gr.,ARTHROPODA,INSECTA,DIPTERA,Chironomidae,Orthocladiinae,7,SH,,
Cricotopus bicinctus,ARTHROPODA,INSECTA,DIPTERA,Chironomidae,Orthocladiinae,7,SC,7,6
Cricotopus nr. cylindraceus,ARTHROPODA,INSECTA,DIPTERA,Chironomidae,Orthocladiinae,7,SH,,
Cricotopus elegans,ARTHROPODA,INSECTA,DIPTERA,Chironomidae,Orthocladiinae,7,SH,,
Cricotopus festivellus gr.,ARTHROPODA,INSECTA,DIPTERA,Chironomidae,Orthocladiinae,7,CG,,
Cricotopus fugax,ARTHROPODA,INSECTA,DIPTERA,Chironomidae,Orthocladiinae,7,SH,,
Cricotopus intersectus gr.,ARTHROPODA,INSECTA,DIPTERA,Chironomidae,Orthocladiinae,7,SH,,
Cricotopus nostocicola,ARTHROPODA,INSECTA,DIPTERA,Chironomidae,Orthocladiinae,7,SH,,
Undetermined Polydesmida,ARTHROPODA,DIPLOPODA,POLYDESMIDA,,,6,CG,,
Isotomurus sp.,ARTHROPODA,INSECTA,COLLEMBOLA,Isotomidae,,5,CG,,
Branchiura sowerbyi,ANNELIDA,OLIGOCHAETA,TUBIFICIDA,Tubificidae,,6,CG,,
Branchiura sp.,ANNELIDA,OLIGOCHAETA,TUBIFICIDAE,Tubificidae,,6,CG,,
Ilyodrilus templetoni,ANNELIDA,OLIGOCHAETA,TUBIFICIDA,Tubificidae,,10,CG,,
Ilyodrilus sp.,ANNELIDA,OLIGOCHAETA,TUBIFICIDA,Tubificidae,,10,CG,,
Isochaetides freyi,ANNELIDA,OLIGOCHAETA,TUBIFICIDA,Tubificidae,,8,CG,,
Isochaetides sp.,ANNELIDA,OLIGOCHAETA,TUBIFICIDA,Tubificidae,,8,CG,,
Limnodrilus cervix,ANNELIDA,OLIGOCHAETA,TUBIFICIDA,Tubificidae,,10,CG,,
Limnodrilus claparedeianus,ANNELIDA,OLIGOCHAETA,TUBIFICIDA,Tubificidae,,10,CG,,
Limnodrilus hoffmeisteri,ANNELIDA,OLIGOCHAETA,TUBIFICIDA,Tubificidae,,10,CG,,
Limnodrilus profundicola,ANNELIDA,OLIGOCHAETA,TUBIFICIDA,Tubificidae,,10,CG,,
Limnodrilus udekemianus,ANNELIDA,OLIGOCHAETA,TUBIFICIDA,Tubificidae,,10,CG,,
Limnodrilus sp.,ANNELIDA,OLIGOCHAETA,TUBIFICIDA,Tubificidae,,10,CG,,
Potamothrix moldaviensis,ANNELIDA,OLIGOCHAETA,TUBIFICIDA,Tubificidae,,8,CG,,
Tanytarsus sp.,ARTHROPODA,INSECTA,DIPTERA,Chironomidae,Chironominae,6,CF,,
Micropsectra/Tanytarsus Complex,ARTHROPODA,INSECTA,DIPTERA,Chironomidae,Chironominae,6,CF,,
Zavrelia sp.,ARTHROPODA,INSECTA,DIPTERA,Chironomidae,Chironominae,4,CF,9,9
Zavreliella sp.,ARTHROPODA,INSECTA,DIPTERA,Chironomidae,Chironominae,6,,,
Undetermined Tanytarsini,ARTHROPODA,INSECTA,DIPTERA,Chironomidae,Chironominae,6,CF,,
Undetermined Chironominae,ARTHROPODA,INSECTA,DIPTERA,Chrionomidae,Chironominae,6,CG,,
Undetermined Chironomidae,ARTHROPODA,INSECTA,DIPTERA,Chironomidae,,6,CG,,
Ostrocerca sp.,ARTHROPODA,INSECTA,PLECOPTERA,Nemouridae,,2,SH,,
Shipsa rotunda,ARTHROPODA,INSECTA,PLECOPTERA,Nemouridae,,2,SH,,
Shipsa sp.,ARTHROPODA,INSECTA,PLECOPTERA,Nemouridae,,2,SH,,
Soyedina sp.,ARTHROPODA,INSECTA,PLECOPTERA,Nemouridae,,2,CG,,
Undetermined Nemouridae,ARTHROPODA,INSECTA,PLECOPTERA,Nemouridae,,2,SH,,
Strophopteryx fasciata,ARTHROPODA,INSECTA,PLECOPTERA,Taeniopterygidae,,3,SH,,
Strophopteryx sp.,ARTHROPODA,INSECTA,PLECOPTERA,Taeniopterygidae,,3,SH,,
Taenionema atlanticum,ARTHROPODA,INSECTA,PLECOPTERA,Taeniopterygidae,,2,SH,,
Taenionema sp.,ARTHROPODA,INSECTA,PLECOPTERA,Taeniopterygidae,,2,SH,,
Taeniopteryx burksi,ARTHROPODA,INSECTA,PLECOPTERA,Taeniopterygidae,,2,SH,,
Taeniopteryx lonicera,ARTHROPODA,INSECTA,PLECOPTERA,Taeniopterygidae,,2,SH,,
Taeniopteryx nivalis,ARTHROPODA,INSECTA,PLECOPTERA,Taeniopterygidae,,2,SH,,
Taeniopteryx parvula,ARTHROPODA,INSECTA,PLECOPTERA,Taeniopterygidae,,2,SH,,
Taeniopteryx sp.,ARTHROPODA,INSECTA,PLECOPTERA,Taeniopterygidae,,2,SH,,
Undetermined Taeniopterygidae,ARTHROPODA,INSECTA,PLECOPTERA,Taeniopterygidae,,2,SH,,
Acroneuria abnormis,ARTHROPODA,INSECTA,PLECOPTERA,Perlidae,,0,PR,0,0
Acroneuria arenosa,ARTHROPODA,INSECTA,PLECOPTERA,Perlidae,,0,PR,,
Acroneuria carolinensis,ARTHROPODA,INSECTA,PLECOPTERA,Perlidae,,0,PR,,
Acroneuria lycorias,ARTHROPODA,INSECTA,PLECOPTERA,Perlidae,,0,PR,,
Acroneuria sp.,ARTHROPODA,INSECTA,PLECOPTERA,Perlidae,,0,PR,0,0
Agnetina annulipes,ARTHROPODA,INSECTA,PLECOPTERA,Perlidae,,2,PR,,
Agnetina capitata,ARTHROPODA,INSECTA,PLECOPTERA,Perlidae,,2,PR,3,6
Agnetina flavescens,ARTHROPODA,INSECTA,PLECOPTERA,Perlidae,,2,PR,,
Agnetina sp.,ARTHROPODA,INSECTA,PLECOPTERA,Perlidae,,2,PR,,
Claassenia sabulosa,ARTHRODPODA,INSECTA,PLECOPTERA,Perlidae,Acroneuriinae,3,PR,,
Claasenia sp.,ARTHROPODA,INSECTA,PLECOPTERA,Perlidae,Acroneuriinae,3,PR,,
Eccoptura xanthenes,ARTHROPODA,INSECTA,PLECOPTERA,Perlidae,,3,PR,,
Eccoptura sp.,ARTHROPODA,INSECTA,PLECOPTERA,Perlidae,,3,PR,,
Neoperla sp.,ARTHROPODA,INSECTA,PLECOPTERA,Perlidae,,3,PR,5,5
Paragnetina immarginata,ARTHROPODA,INSECTA,PLECOPTERA,Perlidae,,1,PR,1,2
Paragnetina media,ARTHROPODA,INSECTA,PLECOPTERA,Perlidae,,4,PR,6,3
Paragnetina sp.,ARTHROPODA,INSECTA,PLECOPTERA,Perlidae,,2,PR,1,6
Perlesta sp. 1,ARTHROPODA,INSECTA,PLECOPTERA,Perlidae,,4,PR,,
Perlesta sp. 2,ARTHROPODA,INSECTA,PLECOPTERA,Perlidae,,4,PR,,
Perlesta placida,ARTHROPODA,INSECTA,PLECOPTERA,Perlidae,,4,PR,,
Perlesta sp.,ARTHROPODA,INSECTA,PLECOPTERA,Perlidae,,4,PR,,
Undetermined Perlidae,ARTHROPODA,INSECTA,PLECOPTERA,Perlidae,,3,PR,5,7
Tallaperla sp.,ARTHROPODA,INSECTA,PLECOPTERA,Peltoperlidae,,0,SH,,
Undetermined Peltoperlidae,ARTHROPODA,INSECTA,PLECOPTERA,Peltoperlidae,,0,SH,,
Alloperla sp.,ARTHROPODA,INSECTA,PLECOPTERA,Chloroperlidae,,0,CG,,
Haploperla brevis,ARTHROPODA,INSECTA,PLECOPTERA,Chloroperlidae,,1,PR,,
Haploperla sp.,ARTHROPODA,INSECTA,PLECOPTERA,Chloroperildae,,1,PR,,
Rasvena terna,ARTHROPODA,INSECTA,PLECOPTERA,Chloroperlidae,,0,CG,,
Rasvena sp.,ARTHROPODA,INSECTA,PLECOPTERA,Chloroperlidae,,0,CG,,
Suwallia marginata,ARTHROPODA,INSECTA,PLECOPTERA,Chloroperlidae,,0,PR,,
Sweltsa sp.,ARTHROPODA,INSECTA,PLECOPTERA,Chloroperlidae,,0,PR,,
Undetermined Chloroperlidae,ARTHROPODA,INSECTA,PLECOPTERA,Chloroperlidae,,0,PR,,
Cultus decisus,ARTHROPODA,INSECTA,PLECOPTERA,Perlodidae,,2,PR,,
Cultus sp.,ARTHROPODA,INSECTA,PLECOPTERA,Perlodidae,,2,PR,,
Diura sp.,ARTHROPODA,INSECTA,PLECOPTERA,Perlodidae,,2,PR,,
Helopicus subvarians,ARTHROPODA,INSECTA,PLECOPTERA,Perlodidae,,2,PR,,
Helopicus sp.,ARTHROPODA,INSECTA,PLECOPTERA,Perlodidae,,2,PR,,
Isogenoides hansoni,ARTHROPODA,INSECTA,PLECOPTERA,Perlodidae,,0,PR,,
Isogenoides sp.,ARTHROPODA,INSECTA,PLECOPTERA,Perlodidae,,0,PR,,
Isoperla frisoni,ARTHROPODA,INSECTA,PLECOPTERA,Perlodidae,,2,PR,,
Isoperla holochlora,ARTHROPODA,INSECTA,PLECOPTERA,Perlodidae,,2,PR,,
Isoperla marlynia,ARTHROPODA,INSECTA,PLECOPTERA,Perlodidae,,2,PR,,
Isoperla namata,ARTHROPODA,INSECTA,PLECOPTERA,Perlodidae,,2,PR,,
Isoperla nana,ARTHROPODA,INSECTA,PLECOPTERA,Perlodidae,,2,PR,,
Isoperla transmarina,ARTHROPODA,INSECTA,PLECOPTERA,Perlodidae,,2,PR,,
Isoperla sp.,ARTHROPODA,INSECTA,PLECOPTERA,Perlodidae,,2,PR,,
Malirekus iroquois,ARTHROPODA,INSECTA,PLECOPTERA,Perlodidae,,2,PR,,
Malirekus sp.,ARTHROPODA,INSECTA,PLECOPTERA,Perlodidae,,2,PR,,
Remenus sp.,ARTHROPODA,INSECTA,PLECOPTERA,Perlodidae,Perlodinae,2,PR,,
Undetermined Perlodidae,ARTHROPODA,INSECTA,PLECOPTERA,Perlodidae,,2,PR,,
Pteronarcys biloba,ARTHROPODA,INSECTA,PLECOPTERA,Pteronarcidae,,0,SH,,
Pteronarcys comstocki,ARTHROPODA,INSECTA,PLECOPTERA,Pteronarcidae,,0,SH,,
Pteronarcys dorsata,ARTHROPODA,INSECTA,PLECOPTERA,Pteronarcidae,,0,SH,,
Pteronarcys proteus,ARTHROPODA,INSECTA,PLECOPTERA,Pteronarcidae,,0,SH,,
Pteronarcys sp.,ARTHROPODA,INSECTA,PLECOPTERA,Pteronarcidae,,0,SH,,
Undetermined Pteronarcidae,ARTHROPODA,INSECTA,PLECOPTERA,Pteronarcidae,,0,SH,,
Undetermined Plecoptera,ARTHROPODA,INSECTA,PLECOPTERA,,,2,,,
Haliplus sp.,ARTHROPODA,INSECTA,COLEOPTERA,Haliplidae,,5,SH,,
Peltodytes sp.,ARTHROPODA,INSECTA,COLEOPTERA,Haliplidae,,5,SH,,
Undetermined Haliplidae,ARTHROPODA,INSECTA,COLEOPTERA,Haliplidae,,5,SH,,
Agabetes sp.,ARTHROPODA,INSECTA,COLEOPTERA,Dytiscidae,,5,PR,,
Agabus sp.,ARTHROPODA,INSECTA,COLEOPTERA,Dytiscidae,,5,PR,,
Celina sp.,ARTHROPODA,INSECTA,COLEOPTERA,Dytiscidae,,5,PR,,
Pristina synclites,ANNELIDA,OLIGOCHAETA,TUBIFICIDA,Naididae,,8,CG,,
Pristina sp.,ANNELIDA,OLIGOCHAETA,TUBIFICIDA,Naididae,,8,CG,,
Pristinella jenkinae,ANNELIDA,OLIGOCHAETA,TUBIFICIDA,Naididae,,8,CG,,
Stenonema sp.,ARTHROPODA,INSECTA,EPHEMEROPTERA,Heptageniidae,,3,SC,5,5
Undetermined Heptageniidae,ARTHROPODA,INSECTA,EPHEMEROPTERA,Heptageniidae,,3,SC,5,2
Choroterpes sp.,ARTHROPODA,INSECTA,EPHEMEROPTERA,Leptophlebiidae,,2,CG,,
Habrophlebia vibrans,ARTHROPODA,INSECTA,EPHEMEROPTERA,Leptophlebiidae,,4,CG,,
Habrophlebia sp.,ARTHROPODA,INSECTA,EPHEMEROPTERA,Leptophlebiidae,,4,CG,,
Habrophlebiodes sp.,ARTHROPODA,INSECTA,EPHEMEROPTERA,Leptophlebiidae,,6,SC,,
Leptophlebia sp.,ARTHROPODA,INSECTA,EPHEMEROPTERA,Leptophlebiidae,,4,CG,,
Paraleptophlebia adoptiva,ARTHROPODA,INSECTA,EPHEMEROPTERA,Leptophlebiidae,,1,CG,,
Paraleptophlebia debilis,ARTHROPODA,INSECTA,EPHEMEROPTERA,Leptophlebiidae,,1,CG,,
Paraleptophlebia guttata,ARTHROPODA,INSECTA,EPHEMEROPTERA,Leptophlebiidae,,1,CG,,
Paraleptophlebia moerens,ARTHROPODA,INSECTA,EPHEMEROPTERA,Leptophlebiidae,,1,CG,,
Paraleptophlebia mollis,ARTHROPODA,INSECTA,EPHEMEROPTERA,Leptophlebiidae,,1,CG,2,1
Paraleptophlebia volitans,ARTHROPODA,INSECTA,EPHEMEROPTERA,Leptophlebiidae,,1,CG,,
Paraleptophlebia sp.,ARTHROPODA,INSECTA,EPHEMEROPTERA,Leptophlebiidae,,1,CG,2,3
Undetermined Leptophlebiidae,ARTHROPODA,INSECTA,EPHEMEROPTERA,Leptophlebiidae,,4,CG,,
Siphloplecton sp.,ARTHROPODA,INSECTA,EPHEMEROPTERA,Metretopodidae,,2,CG,,
Undetermined Metretopodidae,ARTHROPODA,INSECTA,EPHEMEROPTERA,Metretopodidae,,2,CG,,
Attenella attenuata,ARTHROPODA,INSECTA,EPHEMEROPTERA,Ephemerellidae,,1,CG,,
Chaetogaster diaphanus,ANNELIDA,OLIGOCHAETA,TUBIFICIDA,Naididae,,7,PR,,
Chaetogaster diastrophus,ANNELIDA,OLIGOCHAETA,TUBIFICIDA,Naididae,,7,PR,,
Chaetogaster limnaei,ANNELIDA,OLIGOCHAETA,TUBIFICIDA,Naididae,,7,PR,,
Chaetogaster setosus,ANNELIDA,OLIGOCHAETA,TUBIFICIDA,Naididae,,7,PR,,
Chaetogaster sp.,ANNELIDA,OLIGOCHAETA,TUBIFICIDA,Naididae,,7,PR,,
Dero digitata,ANNELIDA,OLIGOCHAETA,TUBIFICIDA,Naididae,,10,CG,,
Dero furcata,ANNELIDA,OLIGOCHAETA,TUBIFICIDA,Naididae,,10,CG,,
Dero nivea,ANNELIDA,OLIGOCHAETA,TUBIFICIDA,Naididae,,10,CG,,
Dero obtusa,ANNELIDA,OLIGOCHAETA,TUBIFICIDA,Naididae,,10,CG,,
Dero pectinata,ANNELIDA,OLIGOCHAETA,TUBIFICIDA,Naididae,,10,CG,,
Dero sp.,ANNELIDA,OLIGOCHAETA,TUBIFICIDA,Naididae,,10,CG,,
Haemonais waldvogeli,ANNELIDA,OLIGOCHAETA,TUBIFICIDA,Naididae,,8,CG,,
Haemonais sp.,ANNELIDA,OLIGOCHAETA,TUBIFICIDA,Naididae,,8,CG,,
Nais barbata,ANNELIDA,OLIGOCHAETA,TUBIFICIDA,Naididae,,8,CG,,
Nais behningi,ANNELIDA,OLIGOCHAETA,TUBIFICIDA,Naididae,,6,CG,,
Nais bretscheri,ANNELIDA,OLIGOCHAETA,TUBIFICIDA,Naididae,,6,CG,,
Attenella margarita,ARTHROPODA,INSECTA,EPHEMEROPTERA,Ephemerellidae,,1,CG,,
Attenella sp.,ARTHROPODA,INSECTA,EPHEMEROPTERA,Ephemerellidae,,1,CG,,
Dannella simplex,ARTHROPODA,INSECTA,EPHEMEROPTERA,Ephemerellidae,,2,CG,,
Dannella sp.,ARTHROPODA,INSECTA,EPHEMEROPTERA,Ephemerellidae,,2,CG,,
Drunella cornuta,ARTHROPODA,INSECTA,EPHEMEROPTERA,Ephemerellidae,,0,CG,,
Drunella cornutella,ARTHROPODA,INSECTA,EPHEMEROPTERA,Ephemerellidae,,0,SC,4,4
Drunella lata,ARTHROPODA,INSECTA,EPHEMEROPTERA,Ephemerellidae,,0,SC,,
Drunella tuberculata,ARTHROPODA,INSECTA,EPHEMEROPTERA,Ephemerellidae,,0,SC,,
Drunella walkeri,ARTHROPODA,INSECTA,EPHEMEROPTERA,Ephemerellidae,,0,SC,,
Drunella sp.,ARTHROPODA,INSECTA,EPHEMEROPTERA,Ephemerellidae,,0,SC,,
Ephemerella aurivillii,ARTHROPODA,INSECTA,EPHEMEROPTERA,Ephemerellidae,,0,CG,,
Ephemerella dorothea,ARTHROPODA,INSECTA,EPHEMEROPTERA,Ephemerellidae,,1,CG,,
Ephemerella excrucians?,ARTHROPODA,INSECTA,EPHEMEROPTERA,Ephemerellidae,,1,CG,,
Ephemerella invaria,ARTHROPODA,INSECTA,EPHEMEROPTERA,Ephemerellidae,,1,CG,,
Ephemerella needhami,ARTHROPODA,INSECTA,EPHEMEROPTERA,Ephemerellidae,,1,CG,,
Quistadrilus multisetosus,ANNELIDA,OLIGOCHAETA,TUBIFICIDA,Tubificidae,,10,CG,,
Quistadrilus sp.,ANNELIDA,OLIGOCHAETA,TUBIFICIDA,Tubificidae,,10,CG,,
Rhyacodrilus subterraneus,ANNELIDA,OLIGOCHAETA,TUBIFICIDA,Tubificidae,,10,CG,,
Rhyacodrilus sp.,ANNELIDA,OLIGOCHAETA,TUBIFICIDA,Tubificidae,,10,CG,,
Peloscolex ferox,ANNELIDA,OLIGOCHAETA,TUBIFICIDA,Tubificidae,,6,CG,,
Spirosperma sp.,ANNELIDA,OLIGOCHAETA,TUBIFICIDA,Tubificidae,,6,CG,,
Tubifex tubifex,ANNELIDA,OLIGOCHAETA,TUBIFICIDA,Tubificidae,,10,CG,,
Tubifex sp.,ANNELIDA,OLIGOCHAETA,TUBIFICIDA,Tubificidae,,10,CG,,
Undet. Tubificidae w/ cap. setae,ANNELIDA,OLIGOCHAETA,TUBIFICIDA,Tubificidae,,10,CG,10,8
Undet. Tubificidae w/o cap. setae,ANNELIDA,OLIGOCHAETA,TUBIFICIDA,Tubificidae,,10,CG,7,7
Undet. Tubificidae,ANNELIDA,OLIGOCHAETA,TUBIFICIDA,Tubificidae,,10,CG,,
Amphichaeta americana,ANNELIDA,OLIGOCHAETA,TUBIFICIDA,Naididae,,6,CG,,
Amphichaeta sp.,ANNELIDA,OLIGOCHAETA,TUBIFICIDA,Naididae,,6,CG,,
Arcteonais lomondi,ANNELIDA,OLIGOCHAETA,TUBIFICIDA,Naididae,,6,CG,,
Arcteonais sp.,ANNELIDA,OLIGOCHAETA,TUBIFICIDA,Naididae,,6,CG,,
Ephemerella rotunda,ARTHROPODA,INSECTA,EPHEMEROPTERA,Ephemerellidae,,1,CG,,
Ephemerella subvaria,ARTHROPODA,INSECTA,EPHEMEROPTERA,Ephemerellidae,,1,CG,4,1
Ephemerella sp.,ARTHROPODA,INSECTA,EPHEMEROPTERA,Ephemerellidae,,1,CG,4,4
Eurylophella funeralis,ARTHROPODA,INSECTA,EPHEMEROPTERA,Ephemerellidae,,0,CG,,
Eurylophella temporalis,ARTHROPODA,INSECTA,EPHEMEROPTERA,Ephemerellidae,,5,CG,,
Eurylophella verisimilis,ARTHROPODA,INSECTA,EPHEMEROPTERA,Ephemerellidae,,2,CG,,
Eurylophella sp.,ARTHROPODA,INSECTA,EPHEMEROPTERA,Ephemerellidae,,2,CG,,
Serratella deficiens,ARTHROPODA,INSECTA,EPHEMEROPTERA,Ephemerellidae,,2,CG,5,2
Serratella serrata,ARTHROPODA,INSECTA,EPHEMEROPTERA,Ephemerellidae,,2,CG,1,0
Serratella serratoides,ARTHROPODA,INSECTA,EPHEMEROPTERA,Ephemerellidae,,2,CG,0,1
Serratella sordida,ARTHROPODA,INSECTA,EPHEMEROPTERA,Ephemerellidae,,2,CG,,
Eclipidrilus sp.,ANNELIDA,OLIGOCHAETA,LUMBRICULIDA,Lumbriculidae,,5,CG,,
Lumbriculus sp.,ANNELIDA,OLIGOCHAETA,LUMBRICULIDA,Lumbriculidae,,5,CG,,
Stylodrilus heringianus,ANNELIDA,OLIGOCHAETA,LUMBRICULIDA,Lumbriculidae,,5,CG,,
Stylodrilus sp.,ANNELIDA,OLIGOCHAETA,LUMBRICULIDA,Lumbriculidae,,5,CG,,
Undetermined Lumbriculidae,ANNELIDA,OLIGOCHAETA,LUMBRICULIDA,Lumbriculidae,,5,CG,5,6
Undetermined Enchytraeidae sp. 1,ANNELIDA,OLIGOCHAETA,TUBIFICIDA,Enchytraeidae,,10,CG,,
Undetermined Enchytraeidae sp. 2,ANNELIDA,OLIGOCHAETA,TUBIFICIDA,Enchytraeidae,,10,CG,,
Undetermined Enchytraeidae,ANNELIDA,OLIGOCHAETA,TUBIFICIDA,Enchytraeidae,,10,CG,7,8
Aulodrilus americanus,ANNELIDA,OLIGOCHAETA,TUBIFICIDA,Tubificidae,,7,CG,,
Aulodrilus limnobius,ANNELIDA,OLIGOCHAETA,TUBIFICIDA,Tubificidae,,7,CG,,
Aulodrilus pigueti,ANNELIDA,OLIGOCHAETA,TUBIFICIDA,Tubificidae,,7,CG,,
Aulodrilus pluriseta,ANNELIDA,OLIGOCHAETA,TUBIFICIDA,Tubificidae,,7,CG,,
Aulodrilus sp.,ANNELIDA,OLIGOCHAETA,TUBIFICIDA,Tubificidae,,7,CG,,
Bothrioneurum vejdovskyanum,ANNELIDA,OLIGOCHAETA,TUBIFICIDA,Tubificidae,,7,CG,,
Bothrioneurum sp.,ANNELIDA,OLIGOCHAETA,TUBIFICIDA,Tubificidae,,7,CG,,
Serratella sp.,ARTHROPODA,INSECTA,EPHEMEROPTERA,Ephemerellidae,,2,CG,1,1
Undetermined Ephemerellidae,ARTHROPODA,INSECTA,EPHEMEROPTERA,Ephemerellidae,,2,CG,3,6
Tricorythodes sp.,ARTHROPODA,INSECTA,EPHEMEROPTERA,Leptohyphidae,,4,CG,4,9
Undetermined Leptohyphidae,ARTHROPODA,INSECTA,EPHEMEROPTERA,Leptohyphidae,,4,CG,,
Brachycercus maculatus,ARTHROPODA,INSECTA,EPHEMEROPTERA,Caenidae,,3,CG,,
Brachycercus sp.,ARTHROPODA,INSECTA,EPHEMEROPTERA,Caenidae,,3,CG,,
Caenis amica,ARTHROPODA,INSECTA,EPHEMEROPTERA,Caenidae,,6,CG,,
Caenis anceps,ARTHROPODA,INSECTA,EPHEMEROPTERA,Caenidae,,6,CG,,
Caenis diminuta,ARTHROPODA,INSECTA,EPHEMEROPTERA,Caenidae,,6,CG,,
Caenis latipennis,ARTHROPODA,INSECTA,EPHEMEROPTERA,Caenidae,,6,CG,,
Caenis macafferti,ARTHROPODA,INSECTA,EPHEMEROPTERA,Caenidae,,6,CG,,
Caenis punctata,ARTHROPODA,INSECTA,EPHEMEROPTERA,Caenidae,,6,CG,,
Caenis sp.,ARTHROPODA,INSECTA,EPHEMEROPTERA,Caenidae,,6,CG,3,3
Undetermined Caenidae,ARTHROPODA,INSECTA,EPHEMEROPTERA,Caenidae,,6,CG,,
Baetisca sp.,ARTHROPODA,INSECTA,EPHEMEROPTERA,Baetiscidae,,4,CG,,
Undetermined Baetiscidae,ARTHROPODA,INSECTA,EPHEMEROPTERA,Baetiscidae,,4,CG,,
Anthopotamus verticus,ARTHROPODA,INSECTA,EPHEMEROPTERA,Potamanthidae,,4,CG,,
Anax longipes,ARTHROPODA,INSECTA,ODONATA,Aeshnidae,,7,PR,,
Basiaeschna sp.,ARTHROPODA,INSECTA,ODONATA,Aeshnidae,,6,PR,,
Georthocladius fimbriatus,ARTHROPODA,INSECTA,DIPTERA,Chironomidae,Orthocladiinae,5,CG,,
Rheocricotopus eminellobus,ARTHROPODA,INSECTA,DIPTERA,Chironomidae,Orthocladiinae,3,CG,,
Molophilus sp.,ARTHROPODA,INSECTA,DIPTERA,Tipulidae,,4,SH,,
Polypedilum braseniae,ARTHROPODA,INSECTA,DIPTERA,Chironomidae,Chironominae,3,CG,,
Tetragoneuria sp.,ARTHROPODA,INSECTA,ODONATA,Corduliidae,,9,PR,,
Paracloeodes sp.,ARTHROPODA,INSECTA,EPHEMEROPTERA,Baetidae,,9,SC,,
Cernotina sp.,ARTHROPODA,INSECTA,TRICHOPTERA,Polycentropididae,Polycentropodinae,6,PR,,
Epicordulia sp.,ARTHROPODA,INSECTA,ODONATA,Corduliidae,,6,PR,,
Undetermined Carabidae,ARTHROPODA,INSECTA,COLEOPTERA,Carabidae,,4,PR,,
Undetermined Hydraenidae,ARTHROPODA,INSECTA,COLEOPTERA,Hydraenidae,,5,PR,,
Eucorethra sp.,ARTHROPODA,INSECTA,DIPTERA,Chaoboridae,Eucorethrinae,7,PR,,
Pseudodiamesa sp.,ARTHROPODA,INSECTA,DIPTERA,Chironomidae,Diamesinae,6,CG,,
Boyeria vinosa,ARTHROPODA,INSECTA,ODONATA,Aeschnidae,,2,PR,,
Boyeria sp.,ARTHROPODA,INSECTA,ODONATA,Aeschnidae,,2,PR,,
Undetermined Aeshnidae,ARTHROPODA,INSECTA,ODONATA,Aeshnidae,,5,PR,,
Cordulegaster maculata,ARTHROPODA,INSECTA,ODONATA,Cordulegastridae,,3,PR,,
Cordulegaster sp.,ARTHROPODA,INSECTA,ODONATA,Cordulegastridae,,3,PR,,
Undetermined Cordulegastridae,ARTHROPODA,INSECTA,ODONATA,Cordulegastridae,,3,PR,,
Neurocordulia sp.,ARTHROPODA,INSECTA,ODONATA,Corduliidae,,2,PR,,
Didymops sp.,ARTHROPODA,INSECTA,ODONATA,Corduliidae,,2,PR,,
Tropisternus sp.,ARTHROPODA,INSECTA,COLEOPTERA,Hydrophyllidae,,5,PR,,
Polypedilum bergi,ARTHROPODA,INSECTA,DIPTERA,Chironomidae,Chironominae,5,SH,,
Ablabesmyia aspera,ARTHROPODA,INSECTA,DIPTERA,Chironomidae,Tanypodinae,8,PR,,
Sparbarus sp.,ARTHROPODA,INSECTA,EPHEMEROPTERA,Caenidae,,6,CG,,
Dero flabelliger,ANNELIDA,OLIGOCHAETA,TUBIFICIDA,Naididae,,10,CG,,
Undetermined Corduliidae,ARTHROPODA,INSECTA,ODONATA,Corduliidae,,2,PR,,
Erythemis sp.,ARTHROPODA,INSECTA,ODONATA,Libellulidae,,2,PR,,
Sympetrum janeae,ARTHROPODA,INSECTA,ODONATA,Libellulidae,,4,PR,,
Sympetrum vicinum,ARTHROPODA,INSECTA,ODONATA,Libellulidae,,4,PR,,
Sympetrum sp.,ARTHROPODA,INSECTA,ODONATA,Libellulidae,,4,PR,,
Undetermined Libellulidae,ARTHROPODA,INSECTA,ODONATA,Libellulidae,,2,PR,,
Macromia sp.,ARTHROPODA,INSECTA,ODONATA,Macromiidae,,2,PR,,
Undetermined Macromiidae,ARTHROPODA,INSECTA,ODONATA,Macromiidae,,2,PR,,
Calopteryx sp.,ARTHROPODA,INSECTA,ODONATA,Calopterygidae,,6,PR,,
Hetaerina sp.,ARTHROPODA,INSECTA,ODONATA,Calopterygidae,,6,PR,,
Undetermined Calopterygidae,ARTHROPODA,INSECTA,ODONATA,Calopterygidae,,6,PR,,
Argia moesta,ARTHROPODA,INSECTA,ODONATA,Coenagrionidae,,6,PR,,
Argia sp.,ARTHROPODA,INSECTA,ODONATA,Coenagrionidae,,6,PR,,
Nais communis,ANNELIDA,OLIGOCHAETA,TUBIFICIDA,Naididae,,8,CG,,
Nais elinguis,ANNELIDA,OLIGOCHAETA,TUBIFICIDA,Naididae,,10,CG,,
Nais pardalis,ANNELIDA,OLIGOCHAETA,TUBIFICIDA,Naididae,,8,CG,,
Nais simplex,ANNELIDA,OLIGOCHAETA,TUBIFICIDA,Naididae,,6,CG,,
Nais variabilis,ANNELIDA,OLIGOCHAETA,TUBIFICIDA,Naididae,,10,CG,5,0
Nais sp.,ANNELIDA,OLIGOCHAETA,TUBIFICIDA,Naididae,,8,CG,,
Ophidonais serpentina,ANNELIDA,OLIGOCHAETA,TUBIFICIDA,Naididae,,6,CG,,
Ophidonais sp.,ANNELIDA,OLIGOCHAETA,TUBIFICIDA,Naididae,,6,CG,,
Paranais frici,ANNELIDA,OLIGOCHAETA,TUBIFICIDA,Naididae,,10,CG,,
Paranais sp.,ANNELIDA,OLIGOCHAETA,TUBIFICIDA,Naididae,,10,CG,,
Piguetiella michiganensis,ANNELIDA,OLIGOCHAETA,TUBIFICIDA,Naididae,,6,CG,,
Piguetiella sp.,ANNELIDA,OLIGOCHAETA,TUBIFICIDA,Naididae,,6,CG,,
Pristina aequiseta,ANNELIDA,OLIGOCHAETA,TUBIFICIDA,Naididae,,8,CG,,
Pristina breviseta,ANNELIDA,OLIGOCHAETA,TUBIFICIDA,Naididae,,8,CG,,
Pristina leidyi,ANNELIDA,OLIGOCHAETA,TUBIFICIDA,Naididae,,8,CG,,
Pristina menoni,ANNELIDA,OLIGOCHAETA,TUBIFICIDA,Naididae,,8,CG,,
Chromagrion sp.,ARTHROPODA,INSECTA,ODONATA,Coenagrionidae,,8,PR,,
Enallagma sp.,ARTHROPODA,INSECTA,ODONATA,Coenagrionidae,,8,PR,,
Valvata sincera,MOLLUSCA,GASTROPODA,MESOGASTROPODA,Valvatidae,,8,SC,,
Valvata tricarinata,MOLLUSCA,GASTROPODA,MESOGASTROPODA,Valvatidae,,8,SC,,
Valvata sp.,MOLLUSCA,GASTROPODA,MESOGASTROPODA,Vavatidae,,8,SC,,
Undetermined Valvatidae,MOLLUSCA,GASTROPODA,MESOGASTROPODA,Valvatidae,,8,SC,,
Undetermined Gastropoda,MOLLUSCA,GASTROPODA,,,,7,SC,,
Anodonta implicata,MOLLUSCA,PELECYPODA,UNIONIDA,Unionidae,,6,CF,,
Anodonta sp.,MOLLUSCA,PELECYPODA,UNIONIDA,Unionidae,,6,CF,,
Elliptio complanata,MOLLUSCA,PELECYPODA,UNIONIDA,Unionidae,,8,CF,,
Elliptio sp.,MOLLUSCA,PELECYPODA,UNIONIDA,Unionidae,,8,CF,,
Lampsilis radiata,MOLLUSCA,PELECYPODA,UNIONIDA,Unionidae,,6,CF,,
Lampsilis sp.,MOLLUSCA,PELECYPODA,UNIONIDA,Unionidae,,6,CF,,
Pyganodon cataracta,MOLLUSCA,PELECYPODA,UNIONIDA,Unionidae,,6,CF,,
Pyganodon sp.,MOLLUSCA,PELECYPODA,UNIONIDA,Unionidae,,6,CF,,
Undetermined Unionidae,MOLLUSCA,PELECYPODA,UNIONIDA,Unionidae,,6,CF,,
Corbicula fluminea,MOLLUSCA,PELECYPODA,VENEROIDEA,Corbiculidae,,6,CF,,
Corbicula sp.,MOLLUSCA,PELECYPODA,VENEROIDEA,Corbiculidae,,6,CF,,
Ischnura sp. 1,ARTHROPODA,INSECTA,ODONATA,Coenagrionidae,,9,PR,,
Ischnura sp. 2,ARTHROPODA,INSECTA,ODONATA,Coenagrionidae,,9,PR,,
Ischnura sp. 3,ARTHROPODA,INSECTA,ODONATA,Coenagrionidae,,9,PR,,
Ischnura sp. 4,ARTHROPODA,INSECTA,ODONATA,Coenagrionidae,,9,PR,,
Ischnura sp. 5,ARTHROPODA,INSECTA,ODONATA,Coenagrionidae,,9,PR,,
Ischnura sp.,ARTHROPODA,INSECTA,ODONATA,Coenagrionidae,,9,PR,,
Undetermined Coenagrionidae,ARTHROPODA,INSECTA,ODONATA,Coenagrionidae,,8,PR,,
Lestes sp.,ARTHROPODA,INSECTA,ODONATA,Lestidae,,6,PR,,
Undetermined Lestidae,ARTHROPODA,INSECTA,ODONATA,Lestidae,,6,PR,,
Hesperocorixa sp.,ARTHROPODA,INSECTA,HEMIPTERA,Corixidae,,5,PR,,
Undetermined Corixidae,ARTHROPODA,INSECTA,HEMIPTERA,Corixidae,,5,PR,,
Undetermined Hemiptera,ARTHROPODA,INSECTA,HEMIPTERA,,,5,PR,,
Allocapnia vivipara,ARTHROPODA,INSECTA,PLECOPTERA,Capniidae,,3,SH,,
Allocapnia sp.,ARTHROPODA,INSECTA,PLECOPTERA,Capniidae,,3,SH,,
Paracapnia sp.,ARTHROPODA,INSECTA,PLECOPTERA,Capniidae,,1,SH,,
Undetermined Capniidae,ARTHROPODA,INSECTA,PLECOPTERA,Capniidae,,3,SH,,
Leuctra ferruginea,ARTHROPODA,INSECTA,PLECOPTERA,Leuctridae,,0,SH,,
Leuctra maria,ARTHROPODA,INSECTA,PLECOPTERA,Leuctridae,,0,SH,,
Leuctra tenuis,ARTHROPODA,INSECTA,PLECOPTERA,Leuctridae,,0,SH,,
Leuctra truncata,ARTHROPODA,INSECTA,PLECOPTERA,Leuctridae,,0,SH,,
Leuctra sp.,ARTHROPODA,INSECTA,PLECOPTERA,Leuctridae,,0,SH,,
Zealeuctra sp.,ARTHROPODA,INSECTA,PLECOPTERA,Leuctridae,,0,SH,,
Undetermined Leuctridae,ARTHROPODA,INSECTA,PLECOPTERA,Leuctridae,,0,SH,,
Amphinemura delosa,ARTHROPODA,INSECTA,PLECOPTERA,Nemouridae,,3,SH,,
Amphinemura nigritta,ARTHROPODA,INSECTA,PLECOPTERA,Nemouridae,,3,SH,,
Amphinemura wui,ARTHROPODA,INSECTA,PLECOPTERA,Nemouridae,,3,SH,,
Amphinemura sp.,ARTHROPODA,INSECTA,PLECOPTERA,Nemouridae,,3,SH,,
Nemoura sp.,ARTHROPODA,INSECTA,PLECOPTERA,Nemouridae,,1,SH,,
Prostoia sp.,ARTHROPODA,INSECTA,PLECOPTERA,Nemouridae,Nemourinae,2,SH,,
Pristinella osborni,ANNELIDA,OLIGOCHAETA,TUBIFICIDA,Naididae,,8,CG,,
Pristinella sp.,ANNELIDA,OLIGOCHAETA,TUBIFICIDA,Naididae,,8,CG,,
Ripistes parasita,ANNELIDA,OLIGOCHAETA,TUBIFICIDA,Naididae,,8,CF,,
Ripistes sp.,ANNELIDA,OLIGOCHAETA,TUBIFICIDA,Naididae,,8,CF,,
Slavina appendiculata,ANNELIDA,OLIGOCHAETA,TUBIFICIDA,Naididae,,6,CG,,
Slavina sp.,ANNELIDA,OLIGOCHAETA,TUBIFICIDA,Naididae,,6,CG,,
Specaria josinae,ANNELIDA,OLIGOCHAETA,TUBIFICIDA,Naididae,,6,CG,,
Specaria sp.,ANNELIDA,OLIGOCHAETA,TUBIFICIDA,Naididae,,6,CG,,
Stylaria lacustris,ANNELIDA,OLIGOCHAETA,TUBIFICIDA,Naididae,,6,CG,5,2
Stylaria sp.,ANNELIDA,OLIGOCHAETA,TUBIFICIDA,Naididae,,6,CG,,
Vejdovskyella comata,ANNELIDA,OLIGOCHAETA,TUBIFICIDA,Naididae,,6,CG,,
Vejdovskyella intermedia,ANNELIDA,OLIGOCHAETA,TUBIFICIDA,Naididae,,6,CG,,
Hydroporus sp.,ARTHROPODA,INSECTA,COLEOPTERA,Dytiscidae,,5,PR,,
Laccophilus sp.,ARTHROPODA,INSECTA,COLEOPTERA,Dytiscidae,,5,PR,,
Undetermined Dytiscidae,ARTHROPODA,INSECTA,COLEOPTERA,Dytiscidae,,5,PR,,
Dineutus sp.,ARTHROPODA,INSECTA,COLEOPTERA,Gyrinidae,,4,PR,,
Gyrinus sp.,ARTHROPODA,INSECTA,COLEOPTERA,Gyrinidae,,4,PR,,
Undetermined Gyrinidae,ARTHROPODA,INSECTA,COLEOPTERA,Gyrinidae,,4,PR,,
Anacaena sp.,ARTHROPODA,INSECTA,COLEOPTERA,Hydrophilidae,,5,CG,,
Berosus sp.,ARTHROPODA,INSECTA,COLEOPTERA,Hydrophilidae,,5,CG,,
Crenitis sp.,ARTHROPODA,INSECTA,COLEOPTERA,Hydrophilidae,,5,CG,,
Helochares sp.,ARTHROPODA,INSECTA,COLEOPTERA,Hydrophilidae,,5,PR,,
Helophorus sp.,ARTHROPODA,INSECTA,COLEOPTERA,Hydrophilidae,,5,SH,,
Hydrobius sp.,ARTHROPODA,INSECTA,COLEOPTERA,Hydrophilidae,,5,PR,,
Hydrochara sp.,ARTHROPODA,INSECTA,COLEOPTERA,Hydrophilidae,,5,PR,,
Hydrochus sp.,ARTHROPODA,INSECTA,COLEOPTERA,Hydrophilidae,,5,SH,,
Undetermined Viviparidae,MOLLUSCA,GASTROPODA,MESOGASTROPODA,Viviparidae,,6,SC,,
Goniobasis livescens,MOLLUSCA,GASTROPODA,MESOGASTROPODA,Pleuroceridae,,6,SC,10,10
Goniobasis virginica,MOLLUSCA,GASTROPODA,MESOGASTROPODA,Pleuroceridae,,6,SC,,
Goniobasis sp.,MOLLUSCA,GASTROPODA,MESOGASTROPODA,Pleuroceridae,,6,SC,,
Pleurocera acuta,MOLLUSCA,GASTROPODA,MESOGASTROPODA,Pleuroceridae,,6,SC,,
Pleurocera sp.,MOLLUSCA,GASTROPODA,MESOGASTROPODA,Pleuroceridae,,6,SC,,
Undetermined Pleuroceridae,MOLLUSCA,GASTROPODA,MESOGASTROPODA,Pleuroceridae,,6,SC,,
Bithynia tentaculata,MOLLUSCA,GASTROPODA,MESOGASTROPODA,Bithyniidae,,8,SC,,
Laccobius sp.,ARTHROPODA,INSECTA,COLEOPTERA,Hydrophilidae,,5,PR,,
Undetermined Hydrophilidae,ARTHROPODA,INSECTA,COLEOPTERA,Hydrophilidae,,5,PR,,
Hydraena sp.,ARTHROPODA,INSECTA,COLEOPTERA,Hydraenidae,,5,PR,,
Ectopria nervosa,ARTHROPODA,INSECTA,COLEOPTERA,Psephenidae,,5,SC,10,9
Ectopria sp.,ARTHROPODA,INSECTA,COLEOPTERA,Psephenidae,,5,SC,,
Psephenus herricki,ARTHROPODA,INSECTA,COLEOPTERA,Psephenidae,,4,SC,10,9
Psephenus sp.,ARTHROPODA,INSECTA,COLEOPTERA,Psephenidae,,4,SC,3,4
Undetermined Psephenidae,ARTHROPODA,INSECTA,COLEOPTERA,Psephenidae,,4,SC,,
Anchytarsus bicolor,ARTHROPODA,INSECTA,COLEOPTERA,Ptilodactylidae,,3,SH,,
Undetermined Ptilodactylidae,ARTHROPODA,INSECTA,COLEOPTERA,Ptilodactylidae,,3,SH,,
Helichus sp.,ARTHROPODA,INSECTA,COLEOPTERA,Dryopidae,,5,SC,,
Undetermined Dryopidae,ARTHROPODA,INSECTA,COLEOPTERA,Dryopidae,,5,SC,,
Hydrocanthus sp.,ARTHROPODA,INSECTA,COLEOPTERA,Noteridae,Noterinae,5,,,
Undetermined Noteridae,ARTHROPODA,INSECTA,COLEOPTERA,Noteridae,,5,,,
Undetermined Scirtidae,ARTHROPODA,INSECTA,COLEOPTERA,Scirtidae,,5,SC,,
Ancyronyx variegatus,ARTHROPODA,INSECTA,COLEOPTERA,Elmidae,,5,CG,,
Ancyronyx sp.,ARTHROPODA,INSECTA,COLEOPTERA,Elmidae,,5,CG,,
Dubiraphia bivittata,ARTHROPODA,INSECTA,COLEOPTERA,Elmidae,,6,CG,,
Dubiraphia quadrinotata,ARTHROPODA,INSECTA,COLEOPTERA,Elmidae,,5,CG,,
Dubiraphia vittata,ARTHROPODA,INSECTA,COLEOPTERA,Elmidae,,6,CG,,
Dubiraphia sp.,ARTHROPODA,INSECTA,COLEOPTERA,Elmidae,,6,CG,,
Macronychus glabratus,ARTHROPODA,INSECTA,COLEOPTERA,Elmidae,,5,CG,,
Macronychus sp.,ARTHROPODA,INSECTA,COLEOPTERA,Elmidae,,5,CG,,
Microcylloepus pusillus,ARTHROPODA,INSECTA,COLEOPTERA,Elmidae,,3,SC,,
Microcylloepus sp.,ARTHROPODA,INSECTA,COLEOPTERA,Elmidae,,3,SC,,
Optioservus cryophilus,ARTHROPODA,INSECTA,COLEOPTERA,Elmidae,,4,SC,,
Optioservus fastiditus,ARTHROPODA,INSECTA,COLEOPTERA,Elmidae,,4,SC,6,7
Optioservus immunis,ARTHROPODA,INSECTA,COLEOPTERA,Elmidae,,4,SC,,
Optioservus ovalis,ARTHROPODA,INSECTA,COLEOPTERA,Elmidae,,4,SC,9,4
Optioservus nr. sandersoni,ARTHROPODA,INSECTA,COLEOPTERA,Elmidae,,4,SC,,
Optioservus trivittatus,ARTHROPODA,INSECTA,COLEOPTERA,Elmidae,,4,SC,7,6
Optioservus sp.,ARTHROPODA,INSECTA,COLEOPTERA,Elmidae,,4,SC,7,8
Oulimnius latiusculus,ARTHROPODA,INSECTA,COLEOPTERA,Elmidae,,4,SC,,
Oulimnius nitidulus,ARTHROPODA,INSECTA,COLEOPTERA,Elmidae,,4,SC,,
Oulimnius sp.,ARTHROPODA,INSECTA,COLEOPTERA,Elmidae,,4,SC,,
Promoresia elegans,ARTHROPODA,INSECTA,COLEOPTERA,Elmidae,,2,SC,10,10
Promoresia tardella,ARTHROPODA,INSECTA,COLEOPTERA,Elmidae,,2,SC,,
Promoresia sp.,ARTHROPODA,INSECTA,COLEOPTERA,Elmidae,,2,SC,,
Stenelmis bicarinata,ARTHROPODA,INSECTA,COLEOPTERA,Elmidae,,5,SC,,
Stenelmis cheryl,ARTHROPODA,INSECTA,COLEOPTERA,Elmidae,,5,SC,,
Stenelmis concinna,ARTHROPODA,INSECTA,COLEOPTERA,Elmidae,,5,SC,5,0
Stenelmis crenata,ARTHROPODA,INSECTA,COLEOPTERA,Elmidae,,5,SC,7,7
Stenelmis mera,ARTHROPODA,INSECTA,COLEOPTERA,Elmidae,,5,SC,,
Stenelmis musgravei,ARTHROPODA,INSECTA,COLEOPTERA,Elmidae,,5,SC,,
Stenelmis sandersoni,ARTHROPODA,INSECTA,COLEOPTERA,Elmidae,,5,SC,,
Stenelmis vittapennis,ARTHROPODA,INSECTA,COLEOPTERA,Elmidae,,5,SC,,
Stenelmis sp.,ARTHROPODA,INSECTA,COLEOPTERA,Elmidae,,5,SC,7,7
Undetermined Elmidae,ARTHROPODA,INSECTA,COLEOPTERA,Elmidae,,5,SC,,
Undetermined Curculionidae,ARTHROPODA,INSECTA,COLEOPTERA,Curculionidae,,5,SH,,
Donacia sp.,Arthropoda,INSECTA,Coleoptera,Chrysomelidae,,7,SH,,
Undetermined Coleoptera,ARTHROPODA,INSECTA,COLEOPTERA,,,5,,,
Chauliodes sp.,ARTHROPODA,INSECTA,MEGALOPTERA,Corydalidae,,4,PR,,
Corydalus cornutus,ARTHROPODA,INSECTA,MEGALOPTERA,Corydalidae,,4,PR,2,2
Corydalus sp.,ARTHROPODA,INSECTA,MEGALOPTERA,Corydalidae,,4,PR,,
Nigronia serricornis,ARTHROPODA,INSECTA,MEGALOPTERA,Corydalidae,,4,PR,10,8
Undetermined Corbiculidae,MOLLUSCA,PELECYPODA,VENEROIDEA,Corbiculidae,,6,CF,,
Dreissena polymorpha,MOLLUSCA,PELECYPODA,VENEROIDEA,Dreisseniidae,,8,CF,,
Dreissena sp.,MOLLUSCA,PELECYPODA,VENEROIDEA,Dreisseniidae,,8,CF,,
Undetermined Dreisseniidae,MOLLUSCA,PELECYPODA,VENEROIDEA,Dreisseniidae,,8,CF,,
Musculium partumeium,MOLLUSCA,PELECYPODA,VENEROIDEA,Pisidiidae,,6,CF,,
Musculium transversum,MOLLUSCA,PELECYPODA,VENEROIDEA,Pisidiidae,,6,CF,,
Musculium sp.,MOLLUSCA,PELECYPODA,VENEROIDEA,Pisidiidae,,6,CF,,
Pisidium amnicum,MOLLUSCA,PELECYPODA,VENEROIDEA,Pisidiidae,,6,CF,,
Pisidium casertanum,MOLLUSCA,PELECYPODA,VENEROIDEA,Pisidiidae,,6,CF,,
Pisidium compressum,MOLLUSCA,PELECYPODA,VENEROIDEA,Pisidiidae,,6,CF,,
Pisidium variabile,MOLLUSCA,PELECYPODA,VENEROIDEA,Pisidiidae,,6,CF,,
Pisidium sp.,MOLLUSCA,PELECYPODA,VENEROIDEA,Pisidiidae,,6,CF,8,10
Sphaerium corneum,MOLLUSCA,PELECYPODA,VENEROIDEA,Pisidiidae,,6,CF,,
Sphaerium rhomboideum,MOLLUSCA,PELECYPODA,VENEROIDEA,Pisidiidae,,6,CF,,
Sphaerium striatinum,MOLLUSCA,PELECYPODA,VENEROIDEA,Pisidiidae,,6,CF,,
Sphaerium sp.,MOLLUSCA,PELECYPODA,VENEROIDEA,Pisidiidae,,6,CF,9,4
Undetermined Corydalidae,ARTHROPODA,INSECTA,MEGALOPTERA,Corydalidae,,4,PR,,
Sialis sp.,ARTHROPODA,INSECTA,MEGALOPTERA,Sialidae,,4,PR,5,6
Undetermined Sialidae,ARTHROPODA,INSECTA,MEGALOPTERA,Sialidae,,4,PR,,
Climacia areolaris,ARTHROPODA,INSECTA,NEUROPTERA,Sisyridae,,5,PR,,
Climacia sp.,ARTHROPODA,INSECTA,NEUROPTERA,Sisyridae,,5,PR,,
Undetermined Sisyridae,ARTHROPODA,INSECTA,NEUROPTERA,Sisyridae,,5,PR,,
Heteroplectron americanum,ARTHROPODA,INSECTA,TRICHOPTERA,Calamoceratidae,,3,SH,,
Heteroplectron sp.,ARTHROPODA,INSECTA,TRICHOPTERA,Calamoceratidae,,3,SH,,
Undetermined Calamoceratidae,ARTHROPODA,INSECTA,TRICHOPTERA,Calamoceratidae,,3,SH,,
Chimarra aterrima?,ARTHROPODA,INSECTA,TRICHOPTERA,Philopotamidae,,4,CF,2,3
Chimarra obscura,ARTHROPODA,INSECTA,TRICHOPTERA,Philopotamidae,,4,CF,6,4
Chimarra socia,ARTHROPODA,INSECTA,TRICHOPTERA,Philopotamidae,,2,CF,4,1
Chimarra sp.,ARTHROPODA,INSECTA,TRICHOPTERA,Philopotamidae,,4,CF,2,0
Dolophilodes sp.,ARTHROPODA,INSECTA,TRICHOPTERA,Philopotamidae,,0,CF,4,3
Wormaldia sp.,ARTHROPODA,INSECTA,TRICHOPTERA,Philopotamidae,,2,CF,,
Undetermined Philopotamidae,ARTHROPODA,INSECTA,TRICHOPTERA,Philopotamidae,,4,CF,,
Lype diversa,ARTHROPODA,INSECTA,TRICHOPTERA,Psychomyiidae,,2,SC,,
Lype sp.,ARTHROPODA,INSECTA,TRICHOPTERA,Psychomyiidae,,2,SC,,
Psychomyia flavida,ARTHROPODA,INSECTA,TRICHOPTERA,Psychomyiidae,,2,CG,1,0
Psychomyia sp.,ARTHROPODA,INSECTA,TRICHOPTERA,Psychomyiidae,,2,CG,,
Undetermined Psychomyiidae,ARTHROPODA,INSECTA,TRICHOPTERA,Psychomyiidae,,2,CG,,
Cyrnellus fraternus,ARTHROPODA,INSECTA,TRICHOPTERA,Polycentropodidae,,8,CF,,
Cyrnellus sp.,ARTHROPODA,INSECTA,TRICHOPTERA,Polycentropodidae,,8,CF,,
Neureclipsis bimaculata,ARTHROPODA,INSECTA,TRICHOPTERA,Polycentropodidae,,7,CF,,
Neureclipsis sp.,ARTHROPODA,INSECTA,TRICHOPTERA,Polycentropodidae,,7,CF,3,1
Nyctiophylax celta,ARTHROPODA,INSECTA,TRICHOPTERA,Polycentropodidae,,5,PR,,
Nyctiophylax moestus,ARTHROPODA,INSECTA,TRICHOPTERA,Polycentropodidae,,5,PR,,
Nyctiophylax sp.,ARTHROPODA,INSECTA,TRICHOPTERA,Polycentropodidae,,5,PR,,
Polycentropus remotus,ARTHROPODA,INSECTA,TRICHOPTERA,Polycentropodidae,,6,PR,,
Polycentropus sp.,ARTHROPODA,INSECTA,TRICHOPTERA,Polycentropodidae,,6,PR,4,2
Undetermined Polycentropodidae,ARTHROPODA,INSECTA,TRICHOPTERA,Polycentropodidae,,6,PR,,
Phylocentropus sp.,ARTHROPODA,INSECTA,TRICHOPTERA,Dipseudopsidae,,5,CF,,
Undetermined Dipseudopsidae,ARTHROPODA,INSECTA,TRICHOPTERA,Dipseudopsidae,,5,CF,,
Undetermined Pisidiidae,MOLLUSCA,PELECYPODA,VENEROIDEA,Pisidiidae,,6,CF,10,8
Maccaffertium luteum,ARTHROPODA,INSECTA,EPHEMEROPTERA,Heptageniidae,,4,SC,,
Maccaffertium mediopunctatum,ARTHROPODA,INSECTA,EPHEMEROPTERA,Heptageniidae,,3,SC,3,3
Maccaffertium meririvulanum,ARTHROPODA,INSECTA,EPHEMEROPTERA,Heptageniidae,,2,SC,,
Maccaffertium mexicanum integrum,ARTHROPODA,INSECTA,EPHEMEROPTERA,Heptageniidae,,4,SC,,
Maccaffertium modestum,ARTHROPODA,INSECTA,EPHEMEROPTERA,Heptageniidae,,1,SC,2,5
Maccaffertium pulchellum,ARTHROPODA,INSECTA,EPHEMEROPTERA,Heptageniidae,,3,SC,,
Maccaffertium terminatum,ARTHROPODA,INSECTA,EPHEMEROPTERA,Heptageniidae,,4,SC,2,3
Pagastiella sp.,ARTHROPODA,INSECTA,DIPTERA,Chironomidae,Chironominae,7,CG,,
Parachironomus abortivus,ARTHROPODA,INSECTA,DIPTERA,Chironomidae,Chironominae,10,PR,,
Parachironomus carinatus,ARTHROPODA,INSECTA,DIPTERA,Chironomidae,Chironominae,10,PR,,
Parachironomus frequens,ARTHROPODA,INSECTA,DIPTERA,Chironomidae,Chironominae,10,PR,,
Parachironomus hirtalatus,ARTHROPODA,INSECTA,DIPTERA,Chironomidae,Chironominae,10,PR,,
Cyathura polita,ARTHROPODA,CRUSTACEA,ISOPODA,Anthuridae,,5,CG,,
Cyathura sp.,ARTHROPODA,CRUSTACEA,ISOPODA,Anthuridae,,5,CG,,
Undetermined Anthuridae,ARTHROPODA,CRUSTACEA,ISOPODA,Anthuridae,,5,CG,,
Chiridotea almyra,ARTHROPODA,CRUSTACEA,ISOPODA,Idoteidae,,5,CG,,
Chiridotea sp.,ARTHROPODA,CRUSTACEA,ISOPODA,Idoteidae,,5,CG,,
Edotea sp.,ARTHROPODA,CRUSTACEA,ISOPODA,Idoteidae,,5,CG,,
Undetermined Idoteidae,ARTHROPODA,CRUSTACEA,ISOPODA,Idoteidae,,5,CG,,
Caecidotea communis,ARTHROPODA,CRUSTACEA,ISOPODA,Asellidae,,8,CG,,
Caecidotea intermedius,ARTHROPODA,CRUSTACEA,ISOPODA,Asellidae,,8,CG,,
Caecidotea racovitzai,ARTHROPODA,CRUSTACEA,ISOPODA,Asellidae,,8,CG,6,2
Caecidotea racovitzai racovitzai,ARTHROPODA,CRUSTACEA,ISOPODA,Asellidae,,8,CG,,
Caecidotea nr. racovitzai,ARTHROPODA,CRUSTACEA,ISOPODA,Asellidae,,8,CG,,
Caecidotea sp.,ARTHROPODA,CRUSTACEA,ISOPODA,Asellidae,,8,CG,7,9
Lirceus sp.,ARTHROPODA,CRUSTACEA,ISOPODA,Asellidae,,8,CG,,
Undetermined Asellidae,ARTHROPODA,CRUSTACEA,ISOPODA,Asellidae,,8,CG,,
Crangonyx sp.,ARTHROPODA,CRUSTACEA,AMPHIPODA,Crangonyctidae,,6,CG,,
Undetermined Crangonyctidae,ARTHROPODA,CRUSTACEA,AMPHIPODA,Crangonyctidae,,6,CG,,
Gammarus fasciatus,ARTHROPODA,CRUSTACEA,AMPHIPODA,Gammaridae,,6,CG,,
Gammarus pseudolimnaeus,ARTHROPODA,CRUSTACEA,AMPHIPODA,Gammaridae,,4,CG,,
Gammarus tigrinus,ARTHROPODA,CRUSTACEA,AMPHIPODA,Gammaridae,,6,CG,,
Gammarus sp.,ARTHROPODA,CRUSTACEA,AMPHIPODA,Gammaridae,,6,CG,8,9
Undetermined Gammaridae,ARTHROPODA,CRUSTACEA,AMPHIPODA,Gammaridae,,6,CG,,
Monoculodes edwardsi,ARTHROPODA,CRUSTACEA,AMPHIPODA,Oedicerotidae,,5,CG,,
Monoculodes sp.,ARTHROPODA,CRUSTACEA,AMPHIPODA,Oedicerotidae,,5,CG,,
Undetermined Oedicerotidae,ARTHROPODA,CRUSTACEA,AMPHIPODA,Oedicerotidae,,5,CG,,
Hyalella azteca,ARTHROPODA,CRUSTACEA,AMPHIPODA,Talitridae,,8,CG,,
Hyalella sp.,ARTHROPODA,CRUSTACEA,AMPHIPODA,Talitridae,,8,CG,,
Undetermined Talitridae,ARTHROPODA,CRUSTACEA,AMPHIPODA,Talitridae,,8,CG,,
Almyracuma proximoculi,ARTHROPODA,CRUSTACEA,CUMACEA,Nannastacidae,,5,CG,,
Almyracuma sp.,ARTHROPODA,CRUSTACEA,CUMACEA,Nannastacidae,,5,CG,,
Potamothrix vejdovskyi,ANNELIDA,OLIGOCHAETA,TUBIFICIDA,Tubificidae,,8,CG,,
Potamothrix sp.,ANNELIDA,OLIGOCHAETA,TUBIFICIDA,Tubificidae,,8,CG,,
Undetermined Isotomidae,ARTHROPODA,INSECTA,COLLEMBOLA,Isotomidae,,5,CG,,
Undetermined Collembola,ARTHROPODA,INSECTA,COLLEMBOLA,,,5,CG,,
Ameletus ludens,ARTHROPODA,INSECTA,EPHEMEROPTERA,Ameletidae,,0,CG,,
Ameletus sp.,ARTHROPODA,INSECTA,EPHEMEROPTERA,Ameletidae,,0,CG,,
Undetermined Ameletidae,ARTHROPODA,INSECTA,EPHEMEROPTERA,Ameletidae,,0,CG,,
Siphlonurus sp.,ARTHROPODA,INSECTA,EPHEMEROPTERA,Siphlonuridae,,4,CG,,
Undetermined Siphlonuridae,ARTHROPODA,INSECTA,EPHEMEROPTERA,Siphlonuridae,,4,CG,,
Isonychia bicolor,ARTHROPODA,INSECTA,EPHEMEROPTERA,Isonychiidae,,2,CF,5,2
Isonychia obscura,ARTHROPODA,INSECTA,EPHEMEROPTERA,Isonychiidae,,2,CF,,
Isonychia sp.,ARTHROPODA,INSECTA,EPHEMEROPTERA,Isonychiidae,,2,CF,,
Undetermined Isonychiidae,ARTHROPODA,INSECTA,EPHEMEROPTERA,Isonychiidae,,2,CF,,
Acentrella ampla,ARTHROPODA,INSECTA,EPHEMEROPTERA,Baetidae,,6,CG,,
Acentrella turbida,ARTHROPODA,INSECTA,EPHEMEROPTERA,Baetidae,,4,CG,,
Undetermined Nannatacidae,ARTHROPODA,CRUSTACEA,CUMACEA,Nannastacidae,,5,CG,,
Cambarus bartonii,ARTHROPODA,CRUSTACEA,DECAPODA,Cambaridae,,6,CG,,
Cambarus sp.,ARTHROPODA,CRUSTACEA,DECAPODA,Cambaridae,,6,CG,,
Orconectes obscurus,ARTHROPODA,CRUSTACEA,DECAPODA,Cambaridae,,6,CG,,
Orconectes propinquus,ARTHROPODA,CRUSTACEA,DECAPODA,Cambaridae,,6,CG,,
Orconectes rusticus,ARTHROPODA,CRUSTACEA,DECAPODA,Cambaridae,,6,CG,,
Orconectes sp.,ARTHROPODA,CRUSTACEA,DECAPODA,Cambaridae,,6,CG,,
Undetermined Cambaridae,ARTHROPODA,CRUSTACEA,DECAPODA,Cambaridae,,6,CG,6,5
Undetermined Ostracoda,ARTHROPODA,CRUSTACEA,OSTRACODA,,,6,CG,,
Undetermined Crustacean,ARTHROPODA,CRUSTACEA,,,,6,CG,,
Undetermined Penaeidae,ARTHROPODA,CRUSTACEA,DECAPODA,Penaeidae,,6,CG,,
Arrenurus sp.,ARTHROPODA,ARACHNOIDEA,,Arrenuridae,,6,PR,,
Lebertia sp.,ARTHROPODA,ARACHNOIDEA,,Lebertiidae,,6,PR,,
Atractides sp.,ARTHROPODA,ARACHNOIDEA,,Atractideidae,,6,PR,,
Mideopsis sp.,ARTHROPODA,ARACHNOIDEA,,Mideopsidae,,6,PR,,
Tyrellia sp.,ARTHROPODA,ARACHNOIDEA,,Tyrellidae,,6,PR,,
Limnesia sp.,ARTHROPODA,ARACHNOIDEA,,Limnesidae,,6,PR,,
Limnochares sp.,ARTHROPODA,ARACHNOIDEA,,Limnocharidae,,6,PR,,
Sperchon sp.,ARTHROPODA,ARACHNOIDEA,,Sperchonidae,,6,PR,,
Unionicola sp. 1,ARTHROPODA,ARACHNOIDEA,,Unionicolidae,,6,PR,,
Unionicola sp. 2,ARTHROPODA,ARACHNOIDEA,,Unionicolidae,,6,PR,,
Unionicola sp.,ARTHROPODA,ARACHNOIDEA,,Unionicolidae,,6,PR,,
Undetermined Acariformes,ARTHROPODA,ARACHNOIDEA,,,,6,PR,,
Eukiefferiella pseudomontana gr.,ARTHROPODA,INSECTA,DIPTERA,Chironomidae,Orthocladiinae,8,CG,,
Eukiefferiella similis gr.,ARTHROPODA,INSECTA,DIPTERA,Chironomidae,Orthocladiinae,6,CG,,
Eukiefferiella tirolensis,ARTHROPODA,INSECTA,DIPTER,Chironomidae,Orthocladiinae,4,CG,,
Eukiefferiella sp.,ARTHROPODA,INSECTA,DIPTERA,Chironomidae,Orthocladiinae,5,CG,,
Gymnometriocnemus sp.,ARTHROPODA,INSECTA,DIPTERA,Chironomidae,Orthocladiinae,4,CG,,
Heleniella sp.,ARTHROPODA,INSECTA,DIPTERA,Chironomidae,Orthocladiinae,6,PR,,
Heterotrissocladius marcidus gr.,ARTHROPODA,INSECTA,DIPTERA,Chironomidae,Orthocladiinae,4,CG,,
Heterotrissocladius sp.,ARTHROPODA,INSECTA,DIPTERA,Chironomidae,Orthocladiinae,4,CG,,
Hydrobaenus pilipes,ARTHROPODA,INSECTA,DIPTERA,Chironomidae,Orthocladiinae,8,CG,,
Hydrobaenus sp.,ARTHROPODA,INSECTA,DIPTERA,Chironomidae,Orthocladiinae,8,CG,,
Krenosmittia sp.,ARTHROPODA,INSECTA,DIPTERA,Chironomidae,Orthocladiinae,1,CG,,
Limnophyes sp.,ARTHROPODA,INSECTA,DIPTERA,Chironomidae,Orthocladiinae,8,CG,,
Lopescladius sp.,ARTHROPODA,INSECTA,DIPTERA,Chironomidae,Orthocladiinae,4,CG,,
Nanocladius (Plecopt.) branchicolus,ARTHROPODA,INSECTA,DIPTERA,Chironomidae,Orthocladiinae,3,PR,,
Nanocladius (Plecopteracoluthus) downesi,ARTHROPODA,INSECTA,DIPTERA,Chironomidae,Orthocladiinae,3,PR,,
Nanocladius (Plecopteracoluthus) sp. 5,ARTHROPODA,INSECTA,DIPTERA,Chironomidae,Orthocladiinae,7,CG,,
Nanocladius alternantherae?,ARTHROPODA,INSECTA,DIPTERA,Chironomidae,Orthocladiinae,7,CG,,
Nanocladius nr. balticus,ARTHROPODA,INSECTA,DIPTERA,Chironomidae,Orthocladiinae,7,CG,,
Nanocladius crassicornus,ARTHROPODA,INSECTA,DIPTERA,Chironomidae,Orthocladiinae,7,CG,,
Nanocladius distinctus,ARTHROPODA,INSECTA,DIPTERA,Chironomidae,Orthocladiinae,7,CG,,
Nanocladius minimus,ARTHROPODA,INSECTA,DIPTERA,Chironomidae,Orthocladiinae,7,CG,,
Nanocladius rectinervis,ARTHROPODA,INSECTA,DIPTERA,Chironomidae,Orthocladiinae,7,CG,,
Nanocladius spiniplenus,ARTHROPODA,INSECTA,DIPTERA,Chironomidae,Orthocladiinae,6,CG,,
Nanocladius sp.,ARTHROPODA,INSECTA,DIPTERA,Chironomidae,Orthocladiinae,7,CG,,
Orthocladius (Eudactylocladius) sp.,ARTHROPODA,INSECTA,DIPTERA,Chironomidae,Orthocladiinae,6,CG,,
Orthocladius (Euorthoclad.) luteipes,ARTHROPODA,INSECTA,DIPTERA,Chironomidae,Orthocladiinae,6,CG,,
Orthocladius (Euorthoclad.) rivicola,ARTHROPODA,INSECTA,DIPTERA,Chironomidae,Orthocladiinae,6,CG,,
Orthocladius (Euorthoclad.) rivulorum,ARTHROPODA,INSECTA,DIPTERA,Chironomidae,Orthocladiinae,6,CG,,
Orthocladius (Euorthoclad.) sp.,ARTHROPODA,INSECTA,DIPTERA,Chironomidae,Orthocladiinae,6,CG,,
Orthocladius annectens,ARTHROPODA,INSECTA,DIPTERA,Chironomidae,Orthocladiinae,6,CG,,
Orthocladius carlatus,ARTHROPODA,INSECTA,DIPTERA,Chironomidae,Orthocladiinae,6,CG,,
Orthocladius curtiseta,ARTHROPODA,INSECTA,DIPTERA,Chironomidae,Orthocladiinae,6,CG,,
Parachironomus potamogeton,ARTHROPODA,INSECTA,DIPTERA,Chironomidae,Chironominae,10,PR,,
Parachironomus sp.,ARTHROPODA,INSECTA,DIPTERA,Chironomidae,Chironominae,10,PR,,
Paracladopelma nais,ARTHROPODA,INSECTA,DIPTERA,Chironomidae,Chironominae,7,CG,,
Paracladopelma nereis,ARTHROPODA,INSECTA,DIPTERA,Chironomidae,Chironominae,7,CG,,
Paracladopelma sp.,ARTHROPODA,INSECTA,DIPTERA,Chironomidae,Chironominae,7,CG,,
Paralauterborniella nigrohalteralis,ARTHROPODA,INSECTA,DIPTERA,Chironomidae,Chironominae,8,CG,,
Paralauterborniella sp.,ARTHROPODA,INSECTA,DIPTERA,Chironomidae,Chironominae,8,CG,,
Paratendipes albimanus,ARTHROPODA,INSECTA,DIPTERA,Chironomidae,Chironominae,6,CG,,
Paratendipes sp.,ARTHROPODA,INSECTA,DIPTERA,Chironomidae,Chironominae,6,CG,,
Phaenopsectra obdiens gr.,ARTHROPODA,INSECTA,DIPTERA,Chironomidae,Chironominae,7,SC,4,5
Phaenopsectra punctipes gr.,ARTHROPODA,INSECTA,DIPTERA,Chironomidae,Chironominae,7,SC,,
Phaenopsectra sp.,ARTHROPODA,INSECTA,DIPTERA,Chironomidae,Chironominae,7,SC,,
Polypedilum aviceps,ARTHROPODA,INSECTA,DIPTERA,Chironomidae,Chironominae,4,SH,5,7
Orthocladius nr. dentifer,ARTHROPODA,INSECTA,DIPTERA,Chironomidae,Orthocladiinae,6,CG,3,7
Orthocladius dorenus,ARTHROPODA,INSECTA,DIPTERA,Chironomidae,Orthocladiinae,7,CG,,
Orthocladius dubitatus,ARTHROPODA,INSECTA,DIPTERA,Chironomidae,Orthocladiinae,6,CG,,
Orthocladius obumbratus,ARTHROPODA,INSECTA,DIPTERA,Chironomidae,Orthocladiinae,6,CG,,
Orthocladius oliverei,ARTHROPODA,INSECTA,DIPTERA,Chironomidae,Orthocladiinae,6,CG,,
Orthocladius trigonolabis,ARTHROPODA,INSECTA,DIPTERA,Chironomidae,Orthocladiinae,6,CG,,
Orthocladius (Symposiocladius) lignicola,ARTHROPODA,INSECTA,DIPTERA,Chironomidae,Orthocladiinae,5,CG,,
Orthocladius vaillanti,ARTHROPODA,INSECTA,DIPTERA,Chironomidae,Orthocladiinae,6,CG,,
Orthocladius sp.,ARTHROPODA,INSECTA,DIPTERA,Chironomidae,Orthocladiinae,6,CG,,
Parachaetocladius sp.,ARTHROPODA,INSECTA,DIPTERA,Chironomidae,Orthocladiinae,2,CG,,
Paracricotopus sp.,ARTHROPODA,INSECTA,DIPTERA,Chironomidae,Orthocladiinae,4,CG,,
Parakiefferiella nr. triquetra,ARTHROPODA,INSECTA,DIPTERA,Chironomidae,Orthocladiinae,4,CG,,
Parakiefferiella sp.,ARTHROPODA,INSECTA,DIPTERA,Chironomidae,Orthocladiinae,4,CG,,
Paralimnophyes sp.,ARTHROPODA,INSECTA,DIPTERA,Chironomidae,Orthocladiinae,7,CG,,
Parametriocnemus lundbecki,ARTHROPODA,INSECTA,DIPTERA,Chironomidae,Orthocladiinae,5,CG,8,10
Parametriocnemus sp.,ARTHROPODA,INSECTA,DIPTERA,Chironomidae,Orthocladiinae,5,CG,,
Parorthocladius sp.,ARTHROPODA,INSECTA,DIPTERA,Chironomidae,Orthocladiinae,6,CG,,
Paraphaenocladius sp.,ARTHROPODA,INSECTA,DIPTERA,Chironomidae,Orthocladiinae,4,CG,,
Paratrichocladius sp.,ARTHROPODA,INSECTA,DIPTERA,Chironomidae,Orthocladiinae,5,SH,,
Psectrocladius dilatatus gr.,ARTHROPODA,INSECTA,DIPTERA,Chironomidae,Orthocladiinae,8,CG,,
Psectrocladius nigrus,ARTHROPODA,INSECTA,DIPTERA,Chironomidae,Orthocladiinae,8,CG,,
Psectrocladius psilopterus gr.,ARTHROPODA,INSECTA,DIPTERA,Chironomidae,Orthocladiinae,8,CG,,
Psectrocladius sordidellus gr.,ARTHROPODA,INSECTA,DIPTERA,Chironomidae,Orthocladiinae,8,CG,,
Psectrocladius vernalis,ARTHROPODA,INSECTA,DIPTERA,Chironomidae,Orthocladiinae,8,CG,,
Psectrocladius sp.,ARTHROPODA,INSECTA,DIPTERA,Chironomidae,Orthocladiinae,8,CG,,
Pseudorthocladius sp.,ARTHROPODA,INSECTA,DIPTERA,Chironomidae,Orthocladiinae,0,CG,,
Psilometriocnemus triannulatus,ARTHROPODA,INSECTA,DIPTERA,Chironomidae,Orthocladiinae,4,CG,,
Psilometriocnemus sp.,ARTHROPODA,INSECTA,DIPTERA,Chironomidae,Orthocladiinae,4,CG,,
Rheocricotopus robacki,ARTHROPODA,INSECTA,DIPTERA,Chironomidae,Orthocladiinae,5,CG,4,4
Rheocricotopus tuberculatus,ARTHROPODA,INSECTA,DIPTERA,Chironomidae,Orthocladiinae,6,CG,,
Rheocricotopus sp. 2,ARTHROPODA,INSECTA,DIPTERA,Chironomidae,Orthocladiinae,6,CG,,
Rheocricotopus sp. 4,ARTHROPODA,INSECTA,DIPTERA,Chironomidae,Orthocladiinae,6,CG,,
Rheocricotopus sp.,ARTHROPODA,INSECTA,DIPTERA,Chironomidae,Orthocladiinae,6,CG,,
Smittia sp.,ARTHROPODA,INSECTA,DIPTERA,Chironomidae,Orthocladiinae,6,CG,,
Stilocladius sp.,ARTHROPODA,INSECTA,DIPTERA,Chironomidae,Orthocladiinae,3,CG,,
Symbiocladius equitans,ARTHROPODA,INSECTA,DIPTERA,Chironomidae,Orthocladiinae,2,PR,,
Acentrella sp.,ARTHROPODA,INSECTA,EPHEMEROPTERA,Baetidae,,4,CG,5,5
Acerpenna macdunnoughi,ARTHROPODA,INSECTA,EPHEMEROPTERA,Baetidae,,5,CG,,
Acerpenna pygmaea,ARTHROPODA,INSECTA,EPHEMEROPTERA,Baetidae,,4,CG,0,4
Acerpenna sp.,ARTHROPODA,INSECTA,EPHEMEROPTERA,Baetidae,,4,CG,,
Baetis brunneicolor,ARTHROPODA,INSECTA,EPHEMEROPTERA,Baetidae,,4,CG,1,5
Baetis flavistriga,ARTHROPODA,INSECTA,EPHEMEROPTERA,Baetidae,,4,CG,7,7
Baetis intercalaris,ARTHROPODA,INSECTA,EPHEMEROPTERA,Baetidae,,5,CG,6,5
Baetis pluto,ARTHROPODA,INSECTA,EPHEMEROPTERA,Baetidae,,6,CG,,
Baetis tricaudatus,ARTHROPODA,INSECTA,EPHEMEROPTERA,Baetidae,,6,CG,8,9
Baetis sp.,ARTHROPODA,INSECTA,EPHEMEROPTERA,Baetidae,,6,CG,6,3
Callibaetis sp.,ARTHROPODA,INSECTA,EPHEMEROPTERA,Baetidae,,7,CG,,
Centroptilum sp.,ARTHROPODA,INSECTA,EPHEMEROPTERA,Baetidae,,2,CG,,
Cloeon sp.,ARTHROPODA,INSECTA,EPHEMEROPTERA,Baetidae,,4,CG,,
Diphetor hageni,ARTHROPODA,INSECTA,EPHEMEROPTERA,Baetidae,,6,CG,,
Diphetor sp.,ARTHROPODA,INSECTA,EPHEMEROPTERA,Baetidae,,6,CG,,
Symbiocladius sp.,ARTHROPODA,INSECTA,DIPTERA,Chironomidae,Orthocladiinae,2,PR,,
Synorthocladius nr. semivirens,ARTHROPODA,INSECTA,DIPTERA,Chironomidae,Orthocladiinae,6,CG,6,9
Synorthocladius sp.,ARTHROPODA,INSECTA,DIPTERA,Chironomidae,Orthocladiinae,6,CG,,
Thienemanniella lobapodema,ARTHROPODA,INSECTA,DIPTERA,Chironomidae,Orthocladiinae,6,CG,,
Thienemanniella xena,ARTHROPODA,INSECTA,DIPTERA,Chironomidae,Orthocladiinae,6,CG,,
Thienemanniella sp.,ARTHROPODA,INSECTA,DIPTERA,Chironomidae,Orthocladiinae,6,CG,,
Trissocladius sp.,ARTHROPODA,INSECTA,DIPTERA,Chironomidae,Orthocladiinae,5,CG,,
Tvetenia bavarica gr.,ARTHROPODA,INSECTA,DIPTERA,Chironomidae,Orthocladiinae,4,CG,9,10
Tvetenia vitracies,ARTHROPODA,INSECTA,DIPTERA,Chironomidae,Orthocladiinae,5,CG,7,6
Tvetenia sp.,ARTHROPODA,INSECTA,DIPTERA,Chironomidae,Orthocladiinae,5,CG,,
Unniella multivirga,ARTHROPODA,INSECTA,DIPTERA,Chironomidae,Orthocladiinae,4,CG,,
Unniella sp.l,ARTHROPODA,INSECTA,DIPTERA,Chironomidae,Orthocladiinae,4,CG,,
Xylotopus par,ARTHROPODA,INSECTA,DIPTERA,Chironomidae,Orthocladiinae,5,SH,,
Xylotopus sp.,ARTHROPODA,INSECTA,DIPTERA,Chironomidae,Orthocladiinae,5,SH,,
Zalutschia zalutschicola,ARTHROPODA,INSECTA,DIPTERA,Chironomidae,Orthocladiinae,4,SH,,
Zalutschia sp.,ARTHROPODA,INSECTA,DIPTERA,Chironomidae,Orthocladiinae,4,SH,,
Orthocladiinae sp. C,ARTHROPODA,INSECTA,DIPTERA,Chironomidae,Orthocladiinae,5,CG,,
Undetermined Orthocladiinae,ARTHROPODA,INSECTA,DIPTERA,Chironomidae,Orthocladiinae,5,CG,,
Axarus festivus gr.,ARTHROPODA,INSECTA,DIPTERA,Chironomidae,Chironominae,6,CG,,
Axarus sp.,ARTHROPODA,INSECTA,DIPTERA,Chironomidae,Chironominae,6,CG,,
Polypedilum digitifer,ARTHROPODA,INSECTA,DIPTERA,Chironomidae,Chironominae,8,SH,,
Polypedilum fallax gr.,ARTHROPODA,INSECTA,DIPTERA,Chironomidae,Chironominae,6,SH,,
Polypedilum flavum,ARTHROPODA,INSECTA,DIPTERA,Chironomidae,Chironominae,6,SH,9,7
Polypedilum griseopunctatum,ARTHROPODA,INSECTA,DIPTERA,Chironomidae,Chironominae,6,SH,,
Polypedilum halterale gr.,ARTHROPODA,INSECTA,DIPTERA,Chironomidae,Chironominae,6,SH,,
Polypedilum illinoense,ARTHROPODA,INSECTA,DIPTERA,Chironomidae,Chironominae,7,SH,10,7
Polypedilum laetum,ARTHROPODA,INSECTA,DIPTERA,Chironomidae,Chironominae,6,SH,7,6
Heterocloeon anoka,ARTHROPODA,INSECTA,EPHEMEROPTERA,Baetidae,,2,SC,,
Heterocloeon curiosum,ARTHROPODA,INSECTA,EPHEMEROPTERA,Baetidae,,2,SC,,
Heterocloeon sp.,ARTHROPODA,INSECTA,EPHEMEROPTERA,Baetidae,,2,SC,,
Iswaeon anoka,ARTHROPODA,INSECTA,EPHEMEROPTERA,Baetidae,,2,SC,,
Plauditus dubius,ARTHROPODA,INSECTA,EPHEMEROPTERA,Baetidae,,4,CG,,
Plauditus sp.,ARTHROPODA,INSECTA,EPHEMEROPTERA,Baetidae,,4,CG,2,6
Procloeon rivulare,ARTHROPODA,INSECTA,EPHEMEROPTERA,Baetidae,,6,CG,,
Procloeon sp.,ARTHROPODA,INSECTA,EPHEMEROPTERA,Baetidae,,6,CG,,
Pseudocloeon propinquum,ARTHROPODA,INSECTA,EPHEMEROPTERA,Baetidae,,6,CG,,
Pseudocloeon sp.,ARTHROPODA,INSECTA,EPHEMEROPTERA,Baetidae,,6,CG,,
Undetermined Baetidae,ARTHROPODA,INSECTA,EPHEMEROPTERA,Baetidae,,6,CG,,
Cinygmula subaequalis,ARTHROPODA,INSECTA,EPHEMEROPTERA,Heptageniidae,,2,SC,,
Cinygmula sp.,ARTHROPODA,INSECTA,EPHEMEROPTERA,Heptageniidae,,2,SC,,
Epeorus vitreus,ARTHROPODA,INSECTA,EPHEMEROPTERA,Heptageniidae,,0,SC,,
Epeorus (Iron) sp.,ARTHROPODA,INSECTA,EPHEMEROPTERA,Heptageniidae,,0,SC,0,0
Polypedilum obtusum,ARTHROPODA,INSECTA,DIPTERA,Chironomidae,Chironominae,6,SH,,
Polypedilum ontario,ARTHROPODA,INSECTA,DIPTERA,Chironomidae,Chironominae,3,SH,,
Polypedilum scalaenum gr.,ARTHROPODA,INSECTA,DIPTERA,Chironomidae,Chironominae,6,SH,10,6
Polypedilum simulans gr.,ARTHROPODA,INSECTA,DIPTERA,Chironomidae,Chironominae,6,SH,,
Polypedilum sordens,ARTHROPODA,INSECTA,DIPTERA,Chironomidae,Chironominae,6,SH,,
Polypedilum trigonum,ARTHROPODA,INSECTA,DIPTERA,Chironomidae,Chironominae,7,SH,,
Polypedilum tritum,ARTHROPODA,INSECTA,DIPTERA,Chironomidae,Chironominae,7,SH,,
Polypedilum tuberculum,ARTHROPODA,INSECTA,DIPTERA,Chironomidae,Chironominae,6,SH,,
Polypedilum (Tripodura) sp.,ARTHROPODA,INSECTA,DIPTERA,Chironomidae,Chironominae,6,SH,,
Polypedilum sp.,ARTHROPODA,INSECTA,DIPTERA,Chironomidae,Chironominae,6,SH,,
Pseudochironomus sp. 1,ARTHROPODA,INSECTA,DIPTERA,Chironomidae,Chironominae,5,CG,,
Pseudochironomus sp. 2,ARTHROPODA,INSECTA,DIPTERA,Chironomidae,Chironominae,5,CG,,
Pseudochironomus sp. 3,ARTHROPODA,INSECTA,DIPTERA,Chironomidae,Chironominae,5,CG,,
Pseudochironomus sp.,ARTHROPODA,INSECTA,DIPTERA,Chironomidae,Chironominae,5,CG,,
Robackia claviger,ARTHROPODA,INSECTA,DIPTERA,Chironomidae,Chironominae,4,CG,,
Robackia demeijerei,ARTHROPODA,INSECTA,DIPTERA,Chironomidae,Chironominae,4,CG,,
Robackia sp.,ARTHROPODA,INSECTA,DIPTERA,Chironomidae,Chrionominae,4,CG,,
Saetheria tylus,ARTHROPODA,INSECTA,DIPTERA,Chironomidae,Chironominae,4,CG,,
Saetheria sp.,ARTHROPODA,INSECTA,DIPTERA,Chironomidae,Chironominae,4,CG,,
Sergentia? sp.,ARTHROPODA,INSECTA,DIPTERA,Chironomidae,Chironominae,5,CG,,
Stelechomyia perpulchra,ARTHROPODA,INSECTA,DIPTERA,Chironomidae,Chironominae,7,CG,,
Stelechomyia sp.,ARTHROPODA,INSECTA,DIPTERA,Chironomidae,Chironominae,7,CG,,
Stenochironomus hilaris,ARTHROPODA,INSECTA,DIPTERA,Chironomidae,Chironominae,5,CG,,
Stenochironomus macateei,ARTHROPODA,INSECTA,DIPTERA,Chironomidae,Chironominae,5,CG,,
Stenochironomus poecilopterus,ARTHROPODA,INSECTA,DIPTERA,Chironomidae,Chironominae,5,CG,,
Stenochironomus sp.,ARTHROPODA,INSECTA,DIPTERA,Chironomidae,Chironominae,5,CG,4,3
Stictochironomus sp.,ARTHROPODA,INSECTA,DIPTERA,Chironomidae,Chironominae,9,CG,,
Tribelos atrum,ARTHROPODA,INSECTA,DIPTERA,Chironomidae,Chironominae,7,CG,,
Maccaffertium vicarium,ARTHROPODA,INSECTA,EPHEMEROPTERA,Heptageniidae,,2,SC,6,7
Maccaffertium pudicum,Arthropoda,INSECTA,Ephemeroptera,Heptageniidae,,2,SC,,
Chironomus decorus gr.,ARTHROPODA,INSECTA,DIPTERA,Chironomidae,Chironominae,10,CG,,
Chironomus riparius gr.,ARTHROPODA,INSECTA,DIPTERA,Chironomidae,Chironominae,10,CG,,
Chironomus sp.,ARTHROPODA,INSECTA,DIPTERA,Chironomidae,Chironominae,10,CG,9,6
Cladopelma sp.,ARTHROPODA,INSECTA,DIPTERA,Chironomidae,Chironominae,9,CG,,
Cryptochironomus fulvus gr.,ARTHROPODA,INSECTA,DIPTERA,Chironomidae,Chironominae,8,PR,5,6
Cryptochironomus ponderosus,ARTHROPODA,INSECTA,DIPTERA,Chironomidae,Chironominae,8,PR,,
Cryptochironomus sp.,ARTHROPODA,INSECTA,DIPTERA,Chironomidae,Chironominae,8,PR,,
Cryptotendipes casuarius,ARTHROPODA,INSECTA,DIPTERA,Chironomidae,Chironominae,6,CG,,
Cryptotendipes emorsus,ARTHROPODA,INSECTA,DIPTERA,Chironomidae,Chironominae,6,CG,,
Cryptotendipes pseudotener,ARTHROPODA,INSECTA,DIPTERA,Chironomidae,Chironominae,6,CG,,
Cryptotendipes sp.,ARTHROPODA,INSECTA,DIPTERA,Chironomidae,Chironominae,6,CG,,
Demicryptochironomus cuneatus,ARTHROPODA,INSECTA,DIPTERA,Chironomidae,Chironominae,8,CG,,
Demicryptochironomus sp. 3,ARTHROPODA,INSECTA,DIPTERA,Chironomidae,Chironominae,8,CG,,
Demicryptochironomus sp.,ARTHROPODA,INSECTA,DIPTERA,Chironomidae,Chironominae,8,CG,,
Dicrotendipes fumidus,ARTHROPODA,INSECTA,DIPTERA,Chironomidae,Chironominae,8,CG,,
Dicrotendipes lucifer,ARTHROPODA,INSECTA,DIPTERA,Chironomidae,Chironominae,8,CG,,
Dicrotendipes modestus,ARTHROPODA,INSECTA,DIPTERA,Chironomidae,Chironominae,8,CG,,
Dicrotendipes neomodestus,ARTHROPODA,INSECTA,DIPTERA,Chironomidae,Chironominae,8,CG,10,4
Dicrotendipes nervosus,ARTHROPODA,INSECTA,DIPTERA,Chironomidae,Chironominae,8,CG,,
Dicrotendipes simpsoni,ARTHROPODA,INSECTA,DIPTERA,Chironomidae,Chironominae,8,CG,,
Dicrotendipes thanatogratus,ARTHROPODA,INSECTA,DIPTERA,Chironomidae,Chironominae,8,CG,,
Dicrotendipes sp.,ARTHROPODA,INSECTA,DIPTERA,Chironomidae,Chironominae,8,CG,,
Einfeldia natchitocheae,ARTHROPODA,INSECTA,DIPTERA,Chironomidae,Chironominae,9,CG,,
Einfeldia sp.,ARTHROPODA,INSECTA,DIPTERA,Chironomidae,Chironominae,9,CG,,
Endochironomus nigricans,ARTHROPODA,INSECTA,DIPTERA,Chironomidae,Chironominae,10,SH,,
Endochironomus subtendens,ARTHROPODA,INSECTA,DIPTERA,Chironomidae,Chironominae,10,SH,,
Endochironomus sp.,ARTHROPODA,INSECTA,DIPTERA,Chironomidae,Chironominae,10,SH,,
Endotribelos nr. hesperium,ARTHROPODA,INSECTA,DIPTERA,Chironomidae,Orthocladiinae,6,SH,,
Glyptotendipes dreisbachi,ARTHROPODA,INSECTA,DIPTERA,Chironomidae,Chironominae,10,SH,,
Glyptotendipes lobiferus,ARTHROPODA,INSECTA,DIPTERA,Chironomidae,Chironominae,10,SH,,
Glyptotendipes sp. 2,ARTHROPODA,INSECTA,DIPTERA,Chironomidae,Chironominae,10,SH,,
Glyptotendipes sp.,ARTHROPODA,INSECTA,DIPTERA,Chironomidae,Chironominae,10,SH,,
Goeldichironomus sp.,ARTHROPODA,INSECTA,DIPTERA,Chironomidae,Chironominae,8,CG,,
Harnischia curtilamellata,ARTHROPODA,INSECTA,DIPTERA,Chironomidae,Chironominae,8,CG,,
Harnischia sp.,ARTHROPODA,INSECTA,DIPTERA,Chironomidae,Chrionominae,8,CG,,
Hyporhygma sp.,ARTHROPODA,INSECTA,DIPTERA,Chironomidae,Chironominae,7,,,
Lauterborniella agrayloides,ARTHROPODA,INSECTA,DIPTERA,Chironomidae,Chironominae,8,CG,,
Lauterborniella sp.,ARTHROPODA,INSECTA,DIPTERA,Chironomidae,Chironominae,8,CG,,
Microchironomus sp.,ARTHROPODA,INSECTA,DIPTERA,Chironomidae,Chironominae,8,CG,,
Microtendipes pedellus gr.,ARTHROPODA,INSECTA,DIPTERA,Chironomidae,Chironominae,6,CF,7,7
Microtendipes rydalensis gr.,ARTHROPODA,INSECTA,DIPTERA,Chironomidae,Chironominae,4,CF,2,1
Microtendipes sp.,ARTHROPODA,INSECTA,DIPTERA,Chironomidae,Chironominae,5,CF,,
Nilothauma babiyi,ARTHROPODA,INSECTA,DIPTERA,Chironomidae,Chironominae,6,CG,,
Nilothauma sp.,ARTHROPODA,INSECTA,DIPTERA,Chironomidae,Chironominae,6,CG,,
Cricotopus nr. patens,ARTHROPODA,INSECTA,DIPTERA,Chironomidae,Orthocladiinae,7,SH,,
Cricotopus sylvestris gr.,ARTHROPODA,INSECTA,DIPTERA,Chironomidae,Orthocladiinae,7,SC,,
Cricotopus tremulus gr.,ARTHROPODA,INSECTA,DIPTERA,Chironomidae,Orthocladiinae,7,SH,8,9
Cricotopus triannulatus,ARTHROPODA,INSECTA,DIPTERA,Chironomidae,Orthocladiinae,7,SH,,
Cricotopus trifascia gr.,ARTHROPODA,INSECTA,DIPTERA,Chironomidae,Orthocladiinae,6,SH,9,9
Cricotopus vierriensis,ARTHROPODA,INSECTA,DIPTERA,Chironomidae,Orthocladiinae,7,SH,6,5
Cricotopus sp.,ARTHROPODA,INSECTA,DIPTERA,Chironomidae,Orthocladiinae,7,SH,,
"Cricotopus sp. ""ozarks""",ARTHROPODA,INSECTA,DIPTERA,Chironomidae,Orthocladiinae,7,SH,,
"Cricotopus sp. ""Santa Fe""",ARTHROPODA,INSECTA,DIPTERA,Chironomidae,Orthocladiinae,7,SH,,
Cricotopus/Orthocladius Complex,ARTHROPODA,INSECTA,DIPTERA,Chironomidae,Orthocladiinae,6,SH,,
Diplocladius cultriger,ARTHROPODA,INSECTA,DIPTERA,Chironomidae,Orthocladiinae,8,CG,,
Diplocladius sp.,ARTHROPODA,INSECTA,DIPTERA,Chironomidae,Orthocladiinae,8,CG,,
Endotribelos sp.,ARTHROPODA,INSECTA,DIPTERA,Chironomidae,Orthocladiinae,6,CG,,
Epoicocladius sp.,ARTHROPODA,INSECTA,DIPTERA,Chironomidae,Orthocladiinae,4,CG,,
Eukiefferiella brehmi gr.,ARTHROPODA,INSECTA,DIPTERA,Chironomidae,Orthocladiinae,4,CG,,
Arctopsyche sp.,ARTHROPODA,INSECTA,TRICHOPTERA,Hydropsychidae,,1,CF,,
Arctopsyche ladogensis,Arthropoda,INSECTA,Trichoptera,Hydropsychidae,,1,CF,,
Cheumatopsyche sp.,ARTHROPODA,INSECTA,TRICHOPTERA,Hydropsychidae,,5,CF,6,6
Diplectrona sp.,ARTHROPODA,INSECTA,TRICHOPTERA,Hydropsychidae,,5,CF,,
Homoplectra sp.,ARTHROPODA,INSECTA,TRICHOPTERA,Hydropsychidae,,4,CF,,
Vejdovskyella sp.,ANNELIDA,OLIGOCHAETA,TUBIFICIDA,Naididae,,6,CG,,
Undetermined Naididae,ANNELIDA,OLIGOCHAETA,TUBIFICIDA,Naididae,,8,CG,,
Undetermined Oligochaeta,ANNELIDA,OLIGOCHAETA,,,,8,CG,,
Erpobdella sp.,ANNELIDA,HIRUDINEA,ARHYNCHOBDELLIDA,Erpobdellidae,,8,PR,,
Undetermined Erpobdellidae,ANNELIDA,HIRUDINEA,ARHYNCHOBDELLIDA,Erpobdellidae,,8,PR,,
Batracobdella phalera,ANNELIDA,HIRUDINEA,RHYNCHOBDELLIDA,Glossiphoniidae,,8,PR,,
Batracobdella sp.,ANNELIDA,HIRUDINEA,RHYNCHOBDELLIDA,Glossiphoniidae,,8,PR,,
Helobdella elongata,ANNELIDA,HIRUDINEA,RHYNCHOBDELLIDA,Glossiphoniidae,,8,PR,,
Helobdella stagnalis,ANNELIDA,HIRUDINEA,RHYNCHOBDELLIDA,Glossiphoniidae,,8,PR,,
Helobdella triserialis,ANNELIDA,HIRUDINEA,RHYNCHOBDELLIDA,Glossiphoniidae,,8,PR,,
Helobdella sp. 1,ANNELIDA,HIRUDINEA,RHYNCHOBDELLIDA,Glossiphoniidae,,8,PR,,
Helobdella sp.,ANNELIDA,HIRUDINEA,RHYNCHOBDELLIDA,Glossiphoniidae,,8,PR,,
Placobdella montifera,ANNELIDA,HIRUDINEA,RHYNCHOBDELLIDA,Glossiphoniidae,,8,PR,,
Placobdella sp.,ANNELIDA,HIRUDINEA,RHYNCHOBDELLIDA,Glossiphoniidae,,8,PR,,
Undetermined Glossiphoniidae,ANNELIDA,HIRUDINEA,RHYNCHOBDELLIDA,Glossiphoniidae,,8,PR,,
Undetermined Hirudinea,ANNELIDA,HIRUDINEA,RHYNCHOBDELLIDA,,,8,PR,9,10
Ceratopsyche alhedra,ARTHROPODA,INSECTA,TRICHOPTERA,Hydropsychidae,,3,CF,,
Hydropsyche betteni,ARTHROPODA,INSECTA,TRICHOPTERA,Hydropsychidae,,7,CF,7,9
Hydropsyche bidens,ARTHROPODA,INSECTA,TRICHOPTERA,Hydropsychidae,,3,CF,,
Ceratopsyche bronta,ARTHROPODA,INSECTA,TRICHOPTERA,Hydropsychidae,,6,CF,7,6
Hydropsyche nr. depravata,ARTHROPODA,INSECTA,TRICHOPTERA,Hydropsychidae,,6,CF,,
Hydropsyche dicantha,ARTHROPODA,INSECTA,TRICHOPTERA,Hydropsychidae,,2,CF,,
Hydropsyche leonardi,ARTHROPODA,INSECTA,TRICHOPTERA,Hydropsychidae,,0,CF,,
Ceratopsyche morosa,ARTHROPODA,INSECTA,TRICHOPTERA,Hydropsychidae,,6,CF,5,1
Hydropsyche orris,ARTHROPODA,INSECTA,TRICHOPTERA,Hydropsychidae,,5,CF,,
Hydropsyche phalerata,ARTHROPODA,INSECTA,TRICHOPTERA,Hydropsychidae,,1,CF,,
Hydropsyche recurvata,ARTHROPODA,INSECTA,TRICHOPTERA,Hydropsychidae,,4,CF,,
Hydropsyche scalaris,ARTHROPODA,INSECTA,TRICHOPTERA,Hydropsychidae,,2,CF,3,3
Hydropsyche separata,ARTHROPODA,INSECTA,TRICHOPTERA,Hydropsychidae,,4,CF,,
Ceratopsyche slossonae,ARTHROPODA,INSECTA,TRICHOPTERA,Hydropsychidae,,4,CF,6,10
Ceratopsyche sparna,ARTHROPODA,INSECTA,TRICHOPTERA,Hydropsychidae,,6,CF,6,7
Hydropsyche valanis,ARTHROPODA,INSECTA,TRICHOPTERA,Hydropsychidae,,6,CF,,
Ceratopsyche ventura,ARTHROPODA,INSECTA,TRICHOPTERA,Hydropsychidae,,5,CF,,
Hydropsyche venularis,ARTHROPODA,INSECTA,TRICHOPTERA,Hydropsychidae,,4,CF,,
Hydropsyche walkeri,ARTHROPODA,INSECTA,TRICHOPTERA,Hydropsychidae,,4,CF,,
Hydropsyche sp.,ARTHROPODA,INSECTA,TRICHOPTERA,Hydropsychidae,,4,CF,5,4
Macrostemum carolina,ARTHROPODA,INSECTA,TRICHOPTERA,Hydropsychidae,,3,CF,7,2
Macrostemum zebratum,ARTHROPODA,INSECTA,TRICHOPTERA,Hydropsychidae,,3,CF,,
Macrostemum sp.,ARTHROPODA,INSECTA,TRICHOPTERA,Hydropsychidae,,3,CF,4,2
Parapsyche apicalis,ARTHROPODA,INSECTA,TRICHOPTERA,Hydropsychidae,,0,CF,,
Parapsyche sp.,ARTHROPODA,INSECTA,TRICHOPTERA,Hydropsychidae,,0,CF,,
Potamyia sp.,ARTHROPODA,INSECTA,TRICHOPTERA,Hydropsychidae,,5,CF,,
Undetermined Hydropsychidae,ARTHROPODA,INSECTA,TRICHOPTERA,Hydropsychidae,,5,CF,,
Rhyacophila acropedes,ARTHROPODA,INSECTA,TRICHOPTERA,Rhyacophilidae,,1,PR,,
Rhyacophila acutiloba,ARTHROPODA,INSECTA,TRICHOPTERA,Rhyacophilidae,,1,PR,,
Rhyacophila atrata,ARTHROPODA,INSECTA,TRICHOPTERA,Rhyacophilidae,,0,PR,,
Rhyacophila brunnea,ARTHROPODA,INSECTA,TRICHOPTERA,Rhyacophilidae,,1,PR,,
Rhyacophila carolina?,ARTHROPODA,INSECTA,TRICHOPTERA,Rhyacophilidae,,1,PR,,
Rhyacophila carpenteri?,ARTHROPODA,INSECTA,TRICHOPTERA,Rhyacophilidae,,1,PR,,
Rhyacophila formosa,ARTHROPODA,INSECTA,TRICHOPTERA,Rhyacophilidae,,1,PR,,
Rhyacophila fuscula,ARTHROPODA,INSECTA,TRICHOPTERA,Rhyacophilidae,,0,PR,2,5
Rhyacophila glaberrima,ARTHROPODA,INSECTA,TRICHOPTERA,Rhyacophilidae,,1,PR,,
Rhyacophila mainensis,ARTHROPODA,INSECTA,TRICHOPTERA,Rhyacophilidae,,1,PR,,
Rhyacophila manistee,ARTHROPODA,INSECTA,TRICHOPTERA,Rhyacophilidae,,1,PR,,
Rhyacophila minor,ARTHROPODA,INSECTA,TRICHOPTERA,Rhyacophilidae,,0,PR,,
Rhyacophila nigrita,ARTHROPODA,INSECTA,TRICHOPTERA,Rhyacophilidae,,1,PR,,
Rhyacophila torva,ARTHROPODA,INSECTA,TRICHOPTERA,Rhyacophilidae,,1,PR,,
Rhyacophila sp.,ARTHROPODA,INSECTA,TRICHOPTERA,Rhyacophilidae,,1,PR,0,1
Undetermined Rhyacophilidae,ARTHROPODA,INSECTA,TRICHOPTERA,Rhyacophilidae,,1,PR,,
Agapetus sp.,ARTHROPODA,INSECTA,TRICHOPTERA,Glossosomatidae,,0,SC,,
Culoptila sp.,ARTHROPODA,INSECTA,TRICHOPTERA,Glossosomatidae,,1,SC,,
Glossosoma sp.,ARTHROPODA,INSECTA,TRICHOPTERA,Glossosomatidae,,0,SC,6,0
Protoptila sp.,ARTHROPODA,INSECTA,TRICHOPTERA,Glossosomatidae,,1,SC,,
Undetermined Glossosomatidae,ARTHROPODA,INSECTA,TRICHOPTERA,Glossosomatidae,,1,SC,,
Agraylea sp.,ARTHROPODA,INSECTA,TRICHOPTERA,Hydroptilidae,,8,CG,,
Alisotrichia sp.,ARTHROPODA,INSECTA,TRICHOPTERA,Hydroptilidae,,6,SC,,
Hydroptila ajax,ARTHROPODA,INSECTA,TRICHOPTERA,Hydroptilidae,,6,SC,,
Hydroptila nr. albicornis,ARTHROPODA,INSECTA,TRICHOPTERA,Hydroptilidae,,6,SC,,
Hydroptila nr. armata,ARTHROPODA,INSECTA,TRICHOPTERA,Hydroptilidae,,6,SC,,
Hydroptila consimilis,ARTHROPODA,INSECTA,TRICHOPTERA,Hydroptilidae,,6,SC,9,10
Hydroptila nr. hamata,ARTHROPODA,INSECTA,TRICHOPTERA,Hydroptilidae,,6,SC,,
Hydroptila spatulata,ARTHROPODA,INSECTA,TRICHOPTERA,Hydroptilidae,,6,SC,9,8
Hydroptila nr. waubesiana,ARTHROPODA,INSECTA,TRICHOPTERA,Hydroptilidae,,6,SC,,
Hydroptila sp.,ARTHROPODA,INSECTA,TRICHOPTERA,Hydroptilidae,,6,SC,6,6
Ithytrichia sp.,ARTHROPODA,INSECTA,TRICHOPTERA,Hydroptilidae,,4,SC,,
Leucotrichia sp.,ARTHROPODA,INSECTA,TRICHOPTERA,Hydroptilidae,,6,SC,6,2
Mayatrichia ayama,ARTHROPODA,INSECTA,TRICHOPTERA,Hydroptilidae,,6,SC,,
Mayatrichia sp.,ARTHROPODA,INSECTA,TRICHOPTERA,Hydroptilidae,,6,SC,,
Neotrichia sp.,ARTHROPODA,INSECTA,TRICHOPTERA,Hydroptilidae,,2,SC,,
Orthotrichia sp.,ARTHROPODA,INSECTA,TRICHOPTERA,Hydroptilidae,,6,SH,,
Oxyethira sp.,ARTHROPODA,INSECTA,TRICHOPTERA,Hydroptilidae,,3,CG,,
Palaeagapetus celsus,ARTHROPODA,INSECTA,TRICHOPTERA,Hydroptilidae,,4,SH,,
Palaeagapetus sp.,ARTHROPODA,INSECTA,TRICHOPTERA,Hydroptilidae,,1,SH,,
Undetermined Hydroptilidae,ARTHROPODA,INSECTA,TRICHOPTERA,Hydroptilidae,,6,SC,5,2
Oligostomis sp.,ARTHROPODA,INSECTA,TRICHOPTERA,Phryganeidae,,2,PR,,
Hydra sp.,COELENTERATA,HYDROZOA,HYDROIDA,Hydridae,,5,PR,,
Undetermined Hydridae,COELENTERATA,HYDROZOA,HYDROIDA,Hydridae,,5,PR,,
Prostoma graecense,NEMERTEA,ENOPLA,HOPLONEMERTEA,Tetrastemmatidae,,8,PR,2,7
Undetermined Nemertea,NEMERTEA,ENOPLA,HOPLONEMERTEA,Tetrastemmatidae,,8,PR,,
Dugesia tigrina,PLATYHELMINTHES,TURBELLARIA,TRICLADIDA,Planariidae,,6,PR,,
Dugesia sp.,PLATYHELMINTHES,TURBELLARIA,TRICLADIDA,Planariidae,,6,PR,,
Undetermined Turbellaria,PLATYHELMINTHES,TURBELLARIA,TRICLADIDA,,,6,CG,8,6
Undetermined Nematoda,NEMATODA,,,,,5,CG,,
Undetermined Polychaeta,ANNELIDA,POLYCHAETA,,,,6,CG,,
Manayunkia speciosa,ANNELIDA,POLYCHAETA,SABELLIDA,Sabellidae,,6,CG,,
Manayunkia sp.,ANNELIDA,POLYCHAETA,SABELLIDA,Sabellidae,,6,CG,,
Undetermined Sabellidae,ANNELIDA,POLYCHAETA,SABELLIDAE,Sabellidae,,6,CG,,
Undetermined Haplotaxidae,ANNELIDA,OLIGOCHAETA,HAPLOTAXIDA,Haplotaxidae,,5,PR,,
Undetermined Lumbricina,ANNELIDA,OLIGOCHAETA,LUMBRICIDA,Lumbricina,,6,CG,8,8
Phryganea sp.,ARTHROPODA,INSECTA,Trichoptera,Phryganeidae,,4,CG,,
Ptilostomis sp.,ARTHROPODA,INSECTA,TRICHOPTERA,Phryganeidae,,5,SH,,
Undetermined Phryganeidae,ARTHROPODA,INSECTA,TRICHOPTERA,Phryganeidae,,4,SH,,
Adicrophleps hitchcocki,ARTHROPODA,INSECTA,TRICHOPTERA,Brachycentridae,,2,SH,,
Adicrophleps sp.,ARTHROPODA,INSECTA,TRICHOPTERA,Brachycentridae,,2,SH,,
Brachycentrus americanus,ARTHROPODA,INSECTA,TRICHOPTERA,Brachycentridae,,1,CF,,
Brachycentrus appalachia,ARTHROPODA,INSECTA,TRICHOPTERA,Brachycentridae,,0,CF,3,4
Brachycentrus incanus,ARTHROPODA,INSECTA,TRICHOPTERA,Brachycentridae,,0,CF,,
Brachycentrus lateralis,ARTHROPODA,INSECTA,TRICHOPTERA,Brachycentridae,,1,CF,,
Brachycentrus nigrosoma,ARTHROPODA,INSECTA,TRICHOPTERA,Brachycentridae,,1,CF,,
Brachycentrus numerosus,ARTHROPODA,INSECTA,TRICHOPTERA,Brachycentridae,,1,CF,,
Brachycentrus solomoni,ARTHROPODA,INSECTA,TRICHOPTERA,Brachycentridae,,1,CF,,
Brachycentrus sp.,ARTHROPODA,INSECTA,TRICHOPTERA,Brachycentridae,,1,CF,,
Aeolosoma headleyi?,ANNELIDA,APHANONEURA,AEOLOSOMATIDA,Aeolosomatidae,,8,CF,,
Aeolosoma leidyi?,ANNELIDA,APHANONEURA,AEOLOSOMATIDA,Aeolosomatidae,,8,CF,,
Aeolosoma quarternarium?,ANNELIDA,APHANONEURA,AEOLOSOMATIDA,Aeolosomatidae,,8,CF,,
Aeolosoma tenebrarum?,ANNELIDA,APHANONEURA,AEOLOSOMATIDA,Aeolosomatidae,,8,CF,,
Aeolosoma travancorense?,ANNELIDA,APHANONEURA,AEOLOSOMATIDA,Aeolosomatidae,,8,CF,,
Aeolosoma sp.,ANNELIDA,APHANONEURA,AEOLODOMATIDA,Aeolosomatidae,,8,CF,,
Undetermined Aeolosomatidae,ANNELIDA,APHANONEURA,AEOLOSOMATIDA,Aeolosomatidae,,8,CF,,
Branchiobdella sp.,ANNELIDA,BRANCHIOBDELLA,BRANCHIOBDELLIDA,Branchiobdellidae,,6,CG,,
Undetermined Branchiobdellidae,ANNELIDA,BRANCHIOBDELLA,BRANCHIOBDELLIDA,Branchiobdellidae,,6,CG,,
Physella ancillaria,MOLLUSCA,GASTROPODA,BASOMMATOPHORA,Physidae,,8,CG,,
Physella gyrina,MOLLUSCA,GASTROPODA,BASOMMATOPHORA,Physidae,,8,CG,,
Physella heterostropha,MOLLUSCA,GASTROPODA,BASOMMATOPHORA,Physidae,,8,CG,,
Physella integra,MOLLUSCA,GASTROPODA,BASOMMATOPHORA,Physidae,,8,CG,,
Physella sp.,MOLLUSCA,GASTROPODA,BASOMMATOPHORA,Physidae,,8,CG,8,7
Undetermined Physidae,MOLLUSCA,GASTROPODA,BASOMMATOPHORA,Physidae,,8,CG,,
Micrasema sp. 1,ARTHROPODA,INSECTA,TRICHOPTERA,Brachycentridae,,2,SH,1,0
Micrasema sp. 2,ARTHROPODA,INSECTA,TRICHOPTERA,Brachycentridae,,2,SH,,
Micrasema sp. 3,ARTHROPODA,INSECTA,TRICHOPTERA,Brachycentridae,,2,SH,,
Micrasema sp.,ARTHROPODA,INSECTA,TRICHOPTERA,Brachycentridae,,2,SH,,
Undetermined Brachycentridae,ARTHROPODA,INSECTA,TRICHOPTERA,Brachycentridae,,2,SH,,
Goera sp.,ARTHROPODA,INSECTA,TRICHOPTERA,Goeridae,,3,SC,,
Undetermined Goeridae,ARTHROPODA,INSECTA,TRICHOPTERA,Goeridae,,3,SC,,
Apatania sp.,ARTHROPODA,INSECTA,TRICHOPTERA,Apataniidae,,3,SC,3,4
Undetermined Apataniidae,ARTHROPODA,INSECTA,TRICHOPTERA,Apataniidae,,3,SC,,
Neophylax concinnus,ARTHROPODA,INSECTA,TRICHOPTERA,Uenoidae,,3,SC,,
Neophylax fuscus,ARTHROPODA,INSECTA,TRICHOPTERA,Uenoidae,,3,SC,,
Neophylax oligius,Arthropoda,INSECTA,TRICHOPTERA,Uenoidae,,3,SC,,
Neophylax sp.,ARTHROPODA,INSECTA,TRICHOPTERA,Uenoidae,,3,SC,,
Undetermined Uenoidae,ARTHROPODA,INSECTA,TRICHOPTERA,Uenoidae,,3,SC,,
Hesperophylax designatus,ARTHROPODA,INSECTA,TRICHOPTERA,Limnephilidae,,3,SH,,
Hesperophylax sp.,ARTHROPODA,INSECTA,TRICHOPTERA,Limnephilidae,,3,SH,,
Hydatophylax sp.,ARTHROPODA,INSECTA,TRICHOPTERA,Limnephilidae,,2,SH,,
Limnephilus sp.,ARTHROPODA,INSECTA,TRICHOPTERA,Limnephilidae,,3,SH,,
Nemotaulius hostilis,ARTHROPODA,INSECTA,TRICHOPTERA,Limnephilidae,,3,SC,,
Nemotaulius sp.,ARTHROPODA,INSECTA,TRICHOPTERA,Limnephilidae,,3,SC,,
Platycentropus sp.,ARTHROPODA,INSECTA,TRICHOPTERA,Limnephilidae,,4,SH,,
Pseudostenophylax sp.,ARTHROPODA,INSECTA,TRICHOPTERA,Limnephilidae,,0,SH,,
Psychoglypha sp.,ARTHROPODA,INSECTA,TRICHOPTERA,Limnephilidae,,0,CG,,
Pycnopsyche sp.,ARTHROPODA,INSECTA,TRICHOPTERA,Limnephilidae,,4,SH,,
Undetermined Limnephilidae,ARTHROPODA,INSECTA,TRICHOPTERA,Limnephilidae,,4,SH,3,4
Ophiogomphus sp.,ARTHROPODA,INSECTA,ODONATA,Gomphidae,,3,PR,1,3
Stylogomphus albystilus,ARTHROPODA,INSECTA,ODONATA,Gomphidae,,1,PR,,
Stylogomphus sp.,ARTHROPODA,INSECTA,ODONATA,Gomphidae,,1,PR,,
Stylurus sp.,ARTHROPODA,INSECTA,ODONATA,Gomphidae,,4,PR,,
Undetermined Gomphidae,ARTHROPODA,INSECTA,ODONATA,Gomphidae,,4,PR,2,0
Tribelos fuscicorne,ARTHROPODA,INSECTA,DIPTERA,Chironomidae,Chironominae,7,CG,,
Tribelos jucundum,ARTHROPODA,INSECTA,DIPTERA,Chironomidae,Chironominae,7,CG,,
Tribelos sp.,ARTHROPODA,INSECTA,DIPTERA,Chironomidae,Chironominae,7,CG,,
Tribelos/Endochironomus/Phaenopsectra Co,ARTHROPODA,INSECTA,DIPTERA,Chironomidae,Chironominae,8,CG,,
Xenochironomus xenolabis,ARTHROPODA,INSECTA,DIPTERA,Chironomidae,Chironominae,4,PR,,
Xenochironomus sp.,ARTHROPODA,INSECTA,DIPTERA,Chironomidae,Chrionominae,4,PR,,
Undetermined Chironomini,ARTHROPODA,INSECTA,DIPTERA,Chironomidae,Chironominae,6,CG,,
Peloscolex sp.,ANNELIDA,OLIGOCHAETA,TUBIFICIDA,Tubificidae,,6,CG,,
Maccaffertium sp.,ARTHROPODA,INSECTA,EPHEMEROPTERA,Heptageniidae,,5,SC,,
Phaenopsectra dyari,ARTHROPODA,INSECTA,DIPTERA,Chironomidae,Chironominae,7,,,
Phaenopsectra flavipes,Arthropoda,Insecta,Diptera,Chironomidae,Chironominae,7,,,
Ceratopsyche sp.,ARTHROPODA,INSECTA,TRICHOPTERA,Hydropsychidae,,4,CF,5,4
Ceratopsyche bronta/morosa,ARTHROPODA,INSECTA,TRICHOPTERA,Hydropsychidae,,6,CF,6,4
Dreissena bugensis,MOLLUSCA,PELECYPODA,VENEROIDEA,Dreisseniidae,,8,CF,,
Echinogammarus ischnus,ARTHROPODA,CRUSTACEA,AMPHIPODA,Gammaridae,,9,CG,,
Zavreliella marmorata,ARTHROPODA,INSECTA,DIPTERA,Chironomidae,Chironominae,8,,,
Aulodrilus piqueti,ANNELIDA,OLIGOCHAETA,TUBIFICIDA,Tubificidae,,7,CG,,
Dero vaga,ANNELIDA,OLIGOCHAETA,TUBIFICIDA,Naididae,,10,CG,,
Paratendipes subequalis,ARTHROPODA,INSECTA,DIPTERA,Chironomidae,,6,CG,,
Psectrocladius flavus,ARTHROPODA,INSECTA,DIPTERA,Chironomidae,,8,CG,,
Undetermined Isopoda,ARTHROPODA,CRUSTACEA,ISOPODA,,,7,CG,,
Spirosperma ferox,ANNELIDA,OLIGOCHAETA,TUBIFICIDA,Tubificidae,,10,CG,,
Psectrocladius (Monosectrocladius) sp.,ARTHROPODA,INSECTA,DIPTERA,Chironomidae,Orthocladiinae,8,CG,,
Psectrocladius (Ps.) cf. octomaculatus,ARTHROPODA,INSECTA,DIPTERA,Chironomidae,Orthocladiinae,6,CG,,
Djalmabatista sp.,ARTHROPODA,INSECTA,DIPTERA,Chironomidae,,6,,,
Parakiefferiella coronata,ARTHROPODA,INSECTA,DIPTERA,Chironomidae,Orthocladiinae,5,CG,,
Ironoquia sp.,ARTHROPODA,INSECTA,TRICHOPTERA,Limnephilidae,,3,SH,,
Lumbriculus variegatus,ANNELIDA,OLIGOCHAETA,LUMBRICULIDA,Lumbriculidae,,5,CG,,
Agarodes sp.,Arthropoda,Insecta,Trichoptera,Sericostomatidae,,,,,
Kiefferulus sp.,ARTHROPODA,INSECTA,DIPTERA,Chironomidae,Chironominae,10,CG,,
Hexagenia limbata,ARTHROPODA,INSECTA,EPHEMEROPTERA,Ephemeridae,,6,CG,,
Boreochlus persimilis,ARTHROPODA,INSECTA,DIPTERA,Chironomidae,Podonominae,6,CG,,
Aeshna sp.,ARTHROPODA,INSECTA,ODONATA,Aeshnidae,,5,PR,,
Anchytarsus sp.,ARTHROPODA,INSECTA,COLEOPTERA,Ptilodactylidae,,3,SH,,
Heterotanytarsus sp.,ARTHROPODA,INSECTA,DIPTERA,Chrionomidae,Orthocladiinae,4,CG,,
Undetermined Ephemeroptera,ARTHROPODA,INSECTA,EPHEMEROPTERA,,,4,,,
Blepharicera sp.,ARTHROPODA,INSECTA,DIPTERA,Blephariceridae,,0,SC,,
Calopteryx maculata,ARTHROPODA,INSECTA,ODONATA,Calopterygidae,,6,PR,,
Cryptolabis sp.,ARTHROPODA,INSECTA,DIPTERA,Tipulidae,,4,SH,,
Dasyhelea sp.,ARTHROPODA,INSECTA,DIPTERA,Ceratopogonidae,,4,PR,,
Ephemera simulans,ARTHROPODA,INSECTA,EPHEMEROPTERA,Ephemeridae,,1,CG,,
Leucotrichia pictipes,ARTHROPODA,INSECTA,TRICHOPTERA,Hydroptilidae,Hydroptilinae,6,SC,,
Plauditus cestus,ARTHROPODA,INSECTA,EPHEMEROPTERA,Baetidae,,4,CG,,
Neoporus sp.,ARTHROPODA,INSECTA,COLEOPTERA,Dytiscidae,Hydroporinae,5,PR,,
Laevapex fuscus,MOLLUSCA,GASTROPODA,BASOMMATOPHORA,Ancylidae,,6,SC,,
Odontomyia sp.,ARTHROPODA,INSECTA,DIPTERA,Stratiomyidae,,7,CG,,
Belostoma sp.,ARTHROPODA,INSECTA,HEMIPTERA,Belostomatidae,,9,PR,,
Psectrocladius simulans,ARTHROPODA,INSECTA,DIPTERA,Chironomidae,,8,CG,,
Pseudosmittia sp.,ARTHROPODA,INSECTA,DIPTERA,Chrionomidae,Orthocladiinae,6,CG,,
Gillotia sp.,ARTHROPODA,INSECTA,DIPTERA,Chironomidae,Chironominae,7,CG,,
